detector,environment_id,semantic_label,accuracy,precision,recall,f1,avg_score,n
gb_full,congested_link,Duplicate,0.8676470588235294,1.0,0.8676470588235294,0.9291338582677166,0.8834636758817327,340.0
gb_full,congested_link,T1048,1.0,1.0,1.0,1.0,0.9998008370503176,2.0
gb_full,congested_link,T1078,0.9024390243902439,1.0,0.9024390243902439,0.9487179487179487,0.9214258998621688,123.0
gb_full,congested_link,T1110,0.9161073825503355,1.0,0.9161073825503355,0.9562171628721541,0.9456314655890711,1192.0
gb_full,congested_link,T1190,1.0,1.0,1.0,1.0,0.9998012925210914,83.0
gb_full,congested_link,T1595,0.8742857142857143,1.0,0.8742857142857143,0.9329268292682927,0.8650477566105589,1050.0
gb_full,congested_link,benign,1.0,,,,0.005772382565792961,1225.0
gb_full,delayed_collector,Duplicate,1.0,1.0,1.0,1.0,0.9997873871215409,340.0
gb_full,delayed_collector,T1048,1.0,1.0,1.0,1.0,0.9997687044116342,2.0
gb_full,delayed_collector,T1078,1.0,1.0,1.0,1.0,0.9997887549571048,123.0
gb_full,delayed_collector,T1110,1.0,1.0,1.0,1.0,0.9998068518172759,1192.0
gb_full,delayed_collector,T1190,1.0,1.0,1.0,1.0,0.9997914016268711,83.0
gb_full,delayed_collector,T1595,1.0,1.0,1.0,1.0,0.9985038954696935,1050.0
gb_full,delayed_collector,benign,1.0,,,,0.0007327375710946011,1225.0
gb_full,high_background,Duplicate,0.8235294117647058,1.0,0.8235294117647058,0.9032258064516129,0.8506962712186231,340.0
gb_full,high_background,T1048,1.0,1.0,1.0,1.0,0.9998008370503176,2.0
gb_full,high_background,T1078,0.7723577235772358,1.0,0.7723577235772358,0.8715596330275229,0.8146715940449765,123.0
gb_full,high_background,T1110,1.0,1.0,1.0,1.0,0.9998152138542026,1192.0
gb_full,high_background,T1190,1.0,1.0,1.0,1.0,0.9997680713381071,83.0
gb_full,high_background,T1595,0.7904761904761904,1.0,0.7904761904761904,0.8829787234042553,0.820043880981451,1050.0
gb_full,high_background,benign,0.9583673469387755,0.0,,0.0,0.043456640044675594,1225.0
gb_full,low_sampling,Duplicate,0.20588235294117646,1.0,0.20588235294117646,0.34146341463414637,0.47904602023384607,340.0
gb_full,low_sampling,T1048,1.0,1.0,1.0,1.0,0.9998008370503176,2.0
gb_full,low_sampling,T1078,0.16260162601626016,1.0,0.16260162601626016,0.27972027972027974,0.47180845324767584,123.0
gb_full,low_sampling,T1110,0.9580536912751678,1.0,0.9580536912751678,0.9785775492716366,0.9731127939409898,1192.0
gb_full,low_sampling,T1190,1.0,1.0,1.0,1.0,0.9998023594559116,83.0
gb_full,low_sampling,T1595,0.2876190476190476,1.0,0.2876190476190476,0.4467455621301775,0.38186471333503585,1050.0
gb_full,low_sampling,benign,1.0,,,,0.0005694002673025724,1225.0
gb_full,observed,Duplicate,1.0,1.0,1.0,1.0,0.9998000735980467,340.0
gb_full,observed,T1048,1.0,1.0,1.0,1.0,0.9998008370503176,2.0
gb_full,observed,T1078,1.0,1.0,1.0,1.0,0.9998006859980245,123.0
gb_full,observed,T1110,1.0,1.0,1.0,1.0,0.9998166074627628,1192.0
gb_full,observed,T1190,1.0,1.0,1.0,1.0,0.9998023594559116,83.0
gb_full,observed,T1595,1.0,1.0,1.0,1.0,0.9985418863665515,1050.0
gb_full,observed,benign,1.0,,,,0.0007048870399635095,1225.0
iforest_env_sensitive,congested_link,Duplicate,0.32941176470588235,1.0,0.32941176470588235,0.49557522123893805,0.49108217503407414,340.0
iforest_env_sensitive,congested_link,T1048,1.0,1.0,1.0,1.0,0.929972790249247,2.0
iforest_env_sensitive,congested_link,T1078,0.3252032520325203,1.0,0.3252032520325203,0.49079754601226994,0.49225558801701325,123.0
iforest_env_sensitive,congested_link,T1110,1.0,1.0,1.0,1.0,0.8627174036701694,1192.0
iforest_env_sensitive,congested_link,T1190,1.0,1.0,1.0,1.0,0.8250713930582934,83.0
iforest_env_sensitive,congested_link,T1595,0.20476190476190476,1.0,0.20476190476190476,0.33992094861660077,0.39718309462404555,1050.0
iforest_env_sensitive,congested_link,benign,0.833469387755102,0.0,,0.0,0.3180599318777799,1225.0
iforest_env_sensitive,delayed_collector,Duplicate,0.20588235294117646,1.0,0.20588235294117646,0.34146341463414637,0.526236766045674,340.0
iforest_env_sensitive,delayed_collector,T1048,1.0,1.0,1.0,1.0,0.9174997738124555,2.0
iforest_env_sensitive,delayed_collector,T1078,0.2032520325203252,1.0,0.2032520325203252,0.33783783783783783,0.5242331836680881,123.0
iforest_env_sensitive,delayed_collector,T1110,1.0,1.0,1.0,1.0,0.8614335389672708,1192.0
iforest_env_sensitive,delayed_collector,T1190,1.0,1.0,1.0,1.0,0.8272974142375015,83.0
iforest_env_sensitive,delayed_collector,T1595,0.16380952380952382,1.0,0.16380952380952382,0.281505728314239,0.44191625178035365,1050.0
iforest_env_sensitive,delayed_collector,benign,0.916734693877551,0.0,,0.0,0.22091615619901708,1225.0
iforest_env_sensitive,high_background,Duplicate,0.5352941176470588,1.0,0.5352941176470588,0.6973180076628352,0.5399080846198244,340.0
iforest_env_sensitive,high_background,T1048,1.0,1.0,1.0,1.0,0.9123532684383553,2.0
iforest_env_sensitive,high_background,T1078,0.4878048780487805,1.0,0.4878048780487805,0.6557377049180327,0.5329884290469574,123.0
iforest_env_sensitive,high_background,T1110,1.0,1.0,1.0,1.0,0.8483574142406011,1192.0
iforest_env_sensitive,high_background,T1190,1.0,1.0,1.0,1.0,0.8038734282944713,83.0
iforest_env_sensitive,high_background,T1595,0.3295238095238095,1.0,0.3295238095238095,0.49570200573065903,0.42000362747739617,1050.0
iforest_env_sensitive,high_background,benign,0.7085714285714285,0.0,,0.0,0.3912561092434814,1225.0
iforest_env_sensitive,low_sampling,Duplicate,0.12352941176470589,1.0,0.12352941176470589,0.2198952879581152,0.278443133027327,340.0
iforest_env_sensitive,low_sampling,T1048,1.0,1.0,1.0,1.0,0.9807525483979634,2.0
iforest_env_sensitive,low_sampling,T1078,0.12195121951219512,1.0,0.12195121951219512,0.21739130434782608,0.2777587637876963,123.0
iforest_env_sensitive,low_sampling,T1110,1.0,1.0,1.0,1.0,0.7856797381255712,1192.0
iforest_env_sensitive,low_sampling,T1190,0.9518072289156626,1.0,0.9518072289156626,0.9753086419753086,0.5551124243308213,83.0
iforest_env_sensitive,low_sampling,T1595,0.0,,0.0,0.0,0.1741857047063152,1050.0
iforest_env_sensitive,low_sampling,benign,1.0,,,,0.13687081034576162,1225.0
iforest_env_sensitive,observed,Duplicate,0.37058823529411766,1.0,0.37058823529411766,0.5407725321888412,0.543031241062984,340.0
iforest_env_sensitive,observed,T1048,1.0,1.0,1.0,1.0,0.9364762822898994,2.0
iforest_env_sensitive,observed,T1078,0.36585365853658536,1.0,0.36585365853658536,0.5357142857142857,0.5426416931326769,123.0
iforest_env_sensitive,observed,T1110,1.0,1.0,1.0,1.0,0.88153775330513,1192.0
iforest_env_sensitive,observed,T1190,1.0,1.0,1.0,1.0,0.8439906165655858,83.0
iforest_env_sensitive,observed,T1595,0.24571428571428572,1.0,0.24571428571428572,0.3944954128440367,0.45210200792906474,1050.0
iforest_env_sensitive,observed,benign,0.916734693877551,0.0,,0.0,0.23217139661817485,1225.0
lr_env_sensitive,congested_link,Duplicate,0.7411764705882353,1.0,0.7411764705882353,0.8513513513513513,0.7345156222572548,340.0
lr_env_sensitive,congested_link,T1048,0.0,,0.0,0.0,9.64265467511998e-47,2.0
lr_env_sensitive,congested_link,T1078,0.7317073170731707,1.0,0.7317073170731707,0.8450704225352113,0.7443580966512773,123.0
lr_env_sensitive,congested_link,T1110,0.7483221476510067,1.0,0.7483221476510067,0.8560460652591171,0.7482151408040668,1192.0
lr_env_sensitive,congested_link,T1190,1.0,1.0,1.0,1.0,0.9992157804667752,83.0
lr_env_sensitive,congested_link,T1595,0.7066666666666667,1.0,0.7066666666666667,0.828125,0.7007770740009369,1050.0
lr_env_sensitive,congested_link,benign,0.6253061224489795,0.0,,0.0,0.4434832465450169,1225.0
lr_env_sensitive,delayed_collector,Duplicate,1.0,1.0,1.0,1.0,0.9657422421175208,340.0
lr_env_sensitive,delayed_collector,T1048,1.0,1.0,1.0,1.0,1.0,2.0
lr_env_sensitive,delayed_collector,T1078,1.0,1.0,1.0,1.0,0.9662672826571229,123.0
lr_env_sensitive,delayed_collector,T1110,1.0,1.0,1.0,1.0,0.9998342890506234,1192.0
lr_env_sensitive,delayed_collector,T1190,1.0,1.0,1.0,1.0,0.999958977556744,83.0
lr_env_sensitive,delayed_collector,T1595,0.9161904761904762,1.0,0.9161904761904762,0.9562624254473161,0.7793726749430022,1050.0
lr_env_sensitive,delayed_collector,benign,0.916734693877551,0.0,,0.0,0.08528678134941332,1225.0
lr_env_sensitive,high_background,Duplicate,0.7,1.0,0.7,0.8235294117647058,0.7617469128503594,340.0
lr_env_sensitive,high_background,T1048,1.0,1.0,1.0,1.0,1.0,2.0
lr_env_sensitive,high_background,T1078,0.6910569105691057,1.0,0.6910569105691057,0.8173076923076923,0.756293620117788,123.0
lr_env_sensitive,high_background,T1110,1.0,1.0,1.0,1.0,0.9999999999999747,1192.0
lr_env_sensitive,high_background,T1190,1.0,1.0,1.0,1.0,0.9994399132974526,83.0
lr_env_sensitive,high_background,T1595,0.6228571428571429,1.0,0.6228571428571429,0.7676056338028169,0.6941288762222221,1050.0
lr_env_sensitive,high_background,benign,0.7918367346938775,0.0,,0.0,0.2395189224290788,1225.0
lr_env_sensitive,low_sampling,Duplicate,0.16470588235294117,1.0,0.16470588235294117,0.2828282828282828,0.4290162414336202,340.0
lr_env_sensitive,low_sampling,T1048,1.0,1.0,1.0,1.0,0.9999999999936915,2.0
lr_env_sensitive,low_sampling,T1078,0.16260162601626016,1.0,0.16260162601626016,0.27972027972027974,0.4267101215311105,123.0
lr_env_sensitive,low_sampling,T1110,0.9580536912751678,1.0,0.9580536912751678,0.9785775492716366,0.9591248766981818,1192.0
lr_env_sensitive,low_sampling,T1190,1.0,1.0,1.0,1.0,0.933982716522667,83.0
lr_env_sensitive,low_sampling,T1595,0.08190476190476191,1.0,0.08190476190476191,0.15140845070422534,0.33742094974737996,1050.0
lr_env_sensitive,low_sampling,benign,1.0,,,,0.1520155462540941,1225.0
lr_env_sensitive,observed,Duplicate,1.0,1.0,1.0,1.0,0.970159308476095,340.0
lr_env_sensitive,observed,T1048,1.0,1.0,1.0,1.0,1.0,2.0
lr_env_sensitive,observed,T1078,1.0,1.0,1.0,1.0,0.9709479499291311,123.0
lr_env_sensitive,observed,T1110,1.0,1.0,1.0,1.0,0.9998525961302778,1192.0
lr_env_sensitive,observed,T1190,1.0,1.0,1.0,1.0,0.9999642809648336,83.0
lr_env_sensitive,observed,T1595,0.9580952380952381,1.0,0.9580952380952381,0.9785992217898832,0.798370856975965,1050.0
lr_env_sensitive,observed,benign,0.916734693877551,0.0,,0.0,0.07820750286107657,1225.0
lr_full,congested_link,Duplicate,0.5352941176470588,1.0,0.5352941176470588,0.6973180076628352,0.5302184902492364,340.0
lr_full,congested_link,T1048,0.0,,0.0,0.0,2.820834654226118e-62,2.0
lr_full,congested_link,T1078,0.4878048780487805,1.0,0.4878048780487805,0.6557377049180327,0.515760585974306,123.0
lr_full,congested_link,T1110,0.7063758389261745,1.0,0.7063758389261745,0.8279252704031466,0.7192906904898333,1192.0
lr_full,congested_link,T1190,1.0,1.0,1.0,1.0,0.9850539495211105,83.0
lr_full,congested_link,T1595,0.7485714285714286,1.0,0.7485714285714286,0.8562091503267973,0.751230999404921,1050.0
lr_full,congested_link,benign,0.9583673469387755,0.0,,0.0,0.04629552363904569,1225.0
lr_full,delayed_collector,Duplicate,1.0,1.0,1.0,1.0,0.9721669593729588,340.0
lr_full,delayed_collector,T1048,1.0,1.0,1.0,1.0,0.9999999999999998,2.0
lr_full,delayed_collector,T1078,1.0,1.0,1.0,1.0,0.9726193554709126,123.0
lr_full,delayed_collector,T1110,1.0,1.0,1.0,1.0,0.999996458355242,1192.0
lr_full,delayed_collector,T1190,1.0,1.0,1.0,1.0,0.9983303899174095,83.0
lr_full,delayed_collector,T1595,1.0,1.0,1.0,1.0,0.9600201006657413,1050.0
lr_full,delayed_collector,benign,1.0,,,,0.01865806769986827,1225.0
lr_full,high_background,Duplicate,0.5352941176470588,1.0,0.5352941176470588,0.6973180076628352,0.5601952372372355,340.0
lr_full,high_background,T1048,1.0,1.0,1.0,1.0,1.0,2.0
lr_full,high_background,T1078,0.5284552845528455,1.0,0.5284552845528455,0.6914893617021277,0.5390909454977584,123.0
lr_full,high_background,T1110,1.0,1.0,1.0,1.0,0.9999999999999227,1192.0
lr_full,high_background,T1190,1.0,1.0,1.0,1.0,0.999401851406979,83.0
lr_full,high_background,T1595,0.7066666666666667,1.0,0.7066666666666667,0.828125,0.7224268262780811,1050.0
lr_full,high_background,benign,0.8751020408163265,0.0,,0.0,0.11340193126204473,1225.0
lr_full,low_sampling,Duplicate,0.16470588235294117,1.0,0.16470588235294117,0.2828282828282828,0.220422587627646,340.0
lr_full,low_sampling,T1048,1.0,1.0,1.0,1.0,1.0,2.0
lr_full,low_sampling,T1078,0.16260162601626016,1.0,0.16260162601626016,0.27972027972027974,0.22050398308472632,123.0
lr_full,low_sampling,T1110,1.0,1.0,1.0,1.0,1.0,1192.0
lr_full,low_sampling,T1190,1.0,1.0,1.0,1.0,0.9998605761166957,83.0
lr_full,low_sampling,T1595,0.49714285714285716,1.0,0.49714285714285716,0.6641221374045801,0.5500263396148968,1050.0
lr_full,low_sampling,benign,1.0,,,,0.0010241960056052212,1225.0
lr_full,observed,Duplicate,1.0,1.0,1.0,1.0,0.9727250066715077,340.0
lr_full,observed,T1048,1.0,1.0,1.0,1.0,0.9999999999999998,2.0
lr_full,observed,T1078,1.0,1.0,1.0,1.0,0.9727455440875591,123.0
lr_full,observed,T1110,1.0,1.0,1.0,1.0,0.9999963700732498,1192.0
lr_full,observed,T1190,1.0,1.0,1.0,1.0,0.9983194077609635,83.0
lr_full,observed,T1595,1.0,1.0,1.0,1.0,0.9594816546699065,1050.0
lr_full,observed,benign,1.0,,,,0.018707731066715198,1225.0
protocol_core_rf,congested_link,Duplicate,1.0,1.0,1.0,1.0,0.9967415036282238,340.0
protocol_core_rf,congested_link,T1048,1.0,1.0,1.0,1.0,0.9999511574026938,2.0
protocol_core_rf,congested_link,T1078,1.0,1.0,1.0,1.0,0.9968529961065767,123.0
protocol_core_rf,congested_link,T1110,1.0,1.0,1.0,1.0,0.9999511082003781,1192.0
protocol_core_rf,congested_link,T1190,1.0,1.0,1.0,1.0,1.0,83.0
protocol_core_rf,congested_link,T1595,1.0,1.0,1.0,1.0,0.9846660387131018,1050.0
protocol_core_rf,congested_link,benign,1.0,,,,0.010352405454867342,1225.0
protocol_core_rf,delayed_collector,Duplicate,1.0,1.0,1.0,1.0,0.9967415036282238,340.0
protocol_core_rf,delayed_collector,T1048,1.0,1.0,1.0,1.0,0.9999511574026938,2.0
protocol_core_rf,delayed_collector,T1078,1.0,1.0,1.0,1.0,0.9968529961065767,123.0
protocol_core_rf,delayed_collector,T1110,1.0,1.0,1.0,1.0,0.9999511082003781,1192.0
protocol_core_rf,delayed_collector,T1190,1.0,1.0,1.0,1.0,1.0,83.0
protocol_core_rf,delayed_collector,T1595,1.0,1.0,1.0,1.0,0.9846660387131018,1050.0
protocol_core_rf,delayed_collector,benign,1.0,,,,0.010352405454867342,1225.0
protocol_core_rf,high_background,Duplicate,1.0,1.0,1.0,1.0,0.9967415036282238,340.0
protocol_core_rf,high_background,T1048,1.0,1.0,1.0,1.0,0.9999511574026938,2.0
protocol_core_rf,high_background,T1078,1.0,1.0,1.0,1.0,0.9968529961065767,123.0
protocol_core_rf,high_background,T1110,1.0,1.0,1.0,1.0,0.9999511082003781,1192.0
protocol_core_rf,high_background,T1190,1.0,1.0,1.0,1.0,1.0,83.0
protocol_core_rf,high_background,T1595,1.0,1.0,1.0,1.0,0.9846660387131018,1050.0
protocol_core_rf,high_background,benign,1.0,,,,0.010352405454867342,1225.0
protocol_core_rf,low_sampling,Duplicate,1.0,1.0,1.0,1.0,0.9967415036282238,340.0
protocol_core_rf,low_sampling,T1048,1.0,1.0,1.0,1.0,0.9999511574026938,2.0
protocol_core_rf,low_sampling,T1078,1.0,1.0,1.0,1.0,0.9968529961065767,123.0
protocol_core_rf,low_sampling,T1110,1.0,1.0,1.0,1.0,0.9999511082003781,1192.0
protocol_core_rf,low_sampling,T1190,1.0,1.0,1.0,1.0,1.0,83.0
protocol_core_rf,low_sampling,T1595,1.0,1.0,1.0,1.0,0.9846660387131018,1050.0
protocol_core_rf,low_sampling,benign,1.0,,,,0.010352405454867342,1225.0
protocol_core_rf,observed,Duplicate,1.0,1.0,1.0,1.0,0.9967415036282238,340.0
protocol_core_rf,observed,T1048,1.0,1.0,1.0,1.0,0.9999511574026938,2.0
protocol_core_rf,observed,T1078,1.0,1.0,1.0,1.0,0.9968529961065767,123.0
protocol_core_rf,observed,T1110,1.0,1.0,1.0,1.0,0.9999511082003781,1192.0
protocol_core_rf,observed,T1190,1.0,1.0,1.0,1.0,1.0,83.0
protocol_core_rf,observed,T1595,1.0,1.0,1.0,1.0,0.9846660387131018,1050.0
protocol_core_rf,observed,benign,1.0,,,,0.010352405454867342,1225.0
rf_env_sensitive,congested_link,Duplicate,0.7411764705882353,1.0,0.7411764705882353,0.8513513513513513,0.6429763477661959,340.0
rf_env_sensitive,congested_link,T1048,1.0,1.0,1.0,1.0,0.9660698143983156,2.0
rf_env_sensitive,congested_link,T1078,0.7317073170731707,1.0,0.7317073170731707,0.8450704225352113,0.6510268163144467,123.0
rf_env_sensitive,congested_link,T1110,1.0,1.0,1.0,1.0,0.9810848145268873,1192.0
rf_env_sensitive,congested_link,T1190,1.0,1.0,1.0,1.0,0.9969845321481859,83.0
rf_env_sensitive,congested_link,T1595,0.8323809523809523,1.0,0.8323809523809523,0.9085239085239085,0.6571081664695392,1050.0
rf_env_sensitive,congested_link,benign,0.916734693877551,0.0,,0.0,0.18231602359111065,1225.0
rf_env_sensitive,delayed_collector,Duplicate,1.0,1.0,1.0,1.0,0.9989484051149892,340.0
rf_env_sensitive,delayed_collector,T1048,1.0,1.0,1.0,1.0,1.0,2.0
rf_env_sensitive,delayed_collector,T1078,1.0,1.0,1.0,1.0,0.9993192306373676,123.0
rf_env_sensitive,delayed_collector,T1110,1.0,1.0,1.0,1.0,1.0,1192.0
rf_env_sensitive,delayed_collector,T1190,1.0,1.0,1.0,1.0,1.0,83.0
rf_env_sensitive,delayed_collector,T1595,1.0,1.0,1.0,1.0,0.9922143829462392,1050.0
rf_env_sensitive,delayed_collector,benign,1.0,,,,0.003878629150196783,1225.0
rf_env_sensitive,high_background,Duplicate,0.7411764705882353,1.0,0.7411764705882353,0.8513513513513513,0.6929747512205365,340.0
rf_env_sensitive,high_background,T1048,1.0,1.0,1.0,1.0,1.0,2.0
rf_env_sensitive,high_background,T1078,0.7317073170731707,1.0,0.7317073170731707,0.8450704225352113,0.6835177117291611,123.0
rf_env_sensitive,high_background,T1110,1.0,1.0,1.0,1.0,1.0,1192.0
rf_env_sensitive,high_background,T1190,1.0,1.0,1.0,1.0,0.9704518207390717,83.0
rf_env_sensitive,high_background,T1595,0.7066666666666667,1.0,0.7066666666666667,0.828125,0.6513221662391052,1050.0
rf_env_sensitive,high_background,benign,0.7918367346938775,0.0,,0.0,0.28487905830928845,1225.0
rf_env_sensitive,low_sampling,Duplicate,0.7823529411764706,1.0,0.7823529411764706,0.8778877887788779,0.6904210723923985,340.0
rf_env_sensitive,low_sampling,T1048,1.0,1.0,1.0,1.0,0.9833333333333332,2.0
rf_env_sensitive,low_sampling,T1078,0.6910569105691057,1.0,0.6910569105691057,0.8173076923076923,0.6626350339227374,123.0
rf_env_sensitive,low_sampling,T1110,1.0,1.0,1.0,1.0,0.902053116529541,1192.0
rf_env_sensitive,low_sampling,T1190,0.0,,0.0,0.0,0.29442596463509413,83.0
rf_env_sensitive,low_sampling,T1595,0.7066666666666667,1.0,0.7066666666666667,0.828125,0.643806213768356,1050.0
rf_env_sensitive,low_sampling,benign,0.5004081632653061,0.0,,0.0,0.41977605445863997,1225.0
rf_env_sensitive,observed,Duplicate,1.0,1.0,1.0,1.0,0.9992039768327835,340.0
rf_env_sensitive,observed,T1048,1.0,1.0,1.0,1.0,1.0,2.0
rf_env_sensitive,observed,T1078,1.0,1.0,1.0,1.0,0.9995912467850218,123.0
rf_env_sensitive,observed,T1110,1.0,1.0,1.0,1.0,1.0,1192.0
rf_env_sensitive,observed,T1190,1.0,1.0,1.0,1.0,1.0,83.0
rf_env_sensitive,observed,T1595,1.0,1.0,1.0,1.0,0.9934760461916395,1050.0
rf_env_sensitive,observed,benign,1.0,,,,0.0018056673944204168,1225.0
rf_full,congested_link,Duplicate,1.0,1.0,1.0,1.0,0.826082627155838,340.0
rf_full,congested_link,T1048,1.0,1.0,1.0,1.0,0.9541426225891385,2.0
rf_full,congested_link,T1078,1.0,1.0,1.0,1.0,0.8349379467050163,123.0
rf_full,congested_link,T1110,1.0,1.0,1.0,1.0,0.9827064571712337,1192.0
rf_full,congested_link,T1190,1.0,1.0,1.0,1.0,1.0,83.0
rf_full,congested_link,T1595,1.0,1.0,1.0,1.0,0.8321679016398124,1050.0
rf_full,congested_link,benign,1.0,,,,0.0721961055586713,1225.0
rf_full,delayed_collector,Duplicate,1.0,1.0,1.0,1.0,0.9988265138508899,340.0
rf_full,delayed_collector,T1048,1.0,1.0,1.0,1.0,1.0,2.0
rf_full,delayed_collector,T1078,1.0,1.0,1.0,1.0,0.9989964862544984,123.0
rf_full,delayed_collector,T1110,1.0,1.0,1.0,1.0,1.0,1192.0
rf_full,delayed_collector,T1190,1.0,1.0,1.0,1.0,1.0,83.0
rf_full,delayed_collector,T1595,1.0,1.0,1.0,1.0,0.9908483262354673,1050.0
rf_full,delayed_collector,benign,1.0,,,,0.0021195972368167415,1225.0
rf_full,high_background,Duplicate,1.0,1.0,1.0,1.0,0.8083989907111303,340.0
rf_full,high_background,T1048,1.0,1.0,1.0,1.0,1.0,2.0
rf_full,high_background,T1078,1.0,1.0,1.0,1.0,0.8044818770069871,123.0
rf_full,high_background,T1110,1.0,1.0,1.0,1.0,0.9978285105954935,1192.0
rf_full,high_background,T1190,1.0,1.0,1.0,1.0,0.990504805793987,83.0
rf_full,high_background,T1595,0.9580952380952381,1.0,0.9580952380952381,0.9785992217898832,0.81322745332213,1050.0
rf_full,high_background,benign,0.9583673469387755,0.0,,0.0,0.12024838541998718,1225.0
rf_full,low_sampling,Duplicate,1.0,1.0,1.0,1.0,0.6267924855361868,340.0
rf_full,low_sampling,T1048,1.0,1.0,1.0,1.0,0.9875,2.0
rf_full,low_sampling,T1078,1.0,1.0,1.0,1.0,0.6240411380314124,123.0
rf_full,low_sampling,T1110,1.0,1.0,1.0,1.0,0.9664767809991887,1192.0
rf_full,low_sampling,T1190,1.0,1.0,1.0,1.0,0.8425831241811316,83.0
rf_full,low_sampling,T1595,0.9161904761904762,1.0,0.9161904761904762,0.9562624254473161,0.6792759846833034,1050.0
rf_full,low_sampling,benign,1.0,,,,0.06256858588811232,1225.0
rf_full,observed,Duplicate,1.0,1.0,1.0,1.0,0.9986710057640207,340.0
rf_full,observed,T1048,1.0,1.0,1.0,1.0,1.0,2.0
rf_full,observed,T1078,1.0,1.0,1.0,1.0,0.9989672551108383,123.0
rf_full,observed,T1110,1.0,1.0,1.0,1.0,1.0,1192.0
rf_full,observed,T1190,1.0,1.0,1.0,1.0,1.0,83.0
rf_full,observed,T1595,1.0,1.0,1.0,1.0,0.9921022212107135,1050.0
rf_full,observed,benign,1.0,,,,0.0018503854083821583,1225.0


