dataset,split,fold,method,environment_id,fit_seconds,selected_candidate,common_threshold,anomaly_threshold,primary_gate,coverage_rate,coverage_floor,coverage_gap,gated_coverage_rate,coverage_lift,coverage_lift_floor,coverage_recovery_floor,causal_fragility_score,environment_leakage_score,score_environment_leakage_score,accuracy,precision,recall,f1,auc,alert_budget_inflation
gotham,random,all,intervendb_observed_selector,observed,2549.2193158119917,protocol_core_rf,0.2942,,,,,,,,,,0.0,0.0,0.14782818215982824,0.9999777120195968,0.9999746727722171,0.9999981004134134,0.9999863864555998,0.9999999764360807,1.0000234282345686
gotham,random,all,intervendb_observed_selector,low_sampling,2549.2193158119917,protocol_core_rf,0.2942,,,,,,,,,,0.0,0.0,0.14782818215982824,0.9999777120195968,0.9999746727722171,0.9999981004134134,0.9999863864555998,0.9999999764369852,1.0000234282345686
gotham,random,all,intervendb_observed_selector,congested_link,2549.2193158119917,protocol_core_rf,0.2942,,,,,,,,,,0.0,0.0,0.14782818215982824,0.9999777120195968,0.9999746727722171,0.9999981004134134,0.9999863864555998,0.9999999764360807,1.0000234282345686
gotham,random,all,intervendb_observed_selector,high_background,2549.2193158119917,protocol_core_rf,0.2942,,,,,,,,,,0.0,0.0,0.14782818215982824,0.9999777120195968,0.9999746727722171,0.9999981004134134,0.9999863864555998,0.9999999764360809,1.0000234282345686
gotham,random,all,intervendb_observed_selector,delayed_collector,2549.2193158119917,protocol_core_rf,0.2942,,,,,,,,,,0.0,0.0,0.14782818215982824,0.9999777120195968,0.9999746727722171,0.9999981004134134,0.9999863864555998,0.9999999764369852,1.0000234282345686
gotham,random,all,intervendb_minimax_selector,observed,2549.2193158119917,protocol_core_rf,0.2942,,,,,,,,,,0.0,0.0,0.14782818215982824,0.9999777120195968,0.9999746727722171,0.9999981004134134,0.9999863864555998,0.9999999764360807,1.0000234282345686
gotham,random,all,intervendb_minimax_selector,low_sampling,2549.2193158119917,protocol_core_rf,0.2942,,,,,,,,,,0.0,0.0,0.14782818215982824,0.9999777120195968,0.9999746727722171,0.9999981004134134,0.9999863864555998,0.9999999764369852,1.0000234282345686
gotham,random,all,intervendb_minimax_selector,congested_link,2549.2193158119917,protocol_core_rf,0.2942,,,,,,,,,,0.0,0.0,0.14782818215982824,0.9999777120195968,0.9999746727722171,0.9999981004134134,0.9999863864555998,0.9999999764360807,1.0000234282345686
gotham,random,all,intervendb_minimax_selector,high_background,2549.2193158119917,protocol_core_rf,0.2942,,,,,,,,,,0.0,0.0,0.14782818215982824,0.9999777120195968,0.9999746727722171,0.9999981004134134,0.9999863864555998,0.9999999764360809,1.0000234282345686
gotham,random,all,intervendb_minimax_selector,delayed_collector,2549.2193158119917,protocol_core_rf,0.2942,,,,,,,,,,0.0,0.0,0.14782818215982824,0.9999777120195968,0.9999746727722171,0.9999981004134134,0.9999863864555998,0.9999999764369852,1.0000234282345686
gotham,random,all,intervendb_stability_selector,observed,2549.2193158119917,protocol_core_rf,0.2942,,,,,,,,,,0.0,0.0,0.14782818215982824,0.9999777120195968,0.9999746727722171,0.9999981004134134,0.9999863864555998,0.9999999764360807,1.0000234282345686
gotham,random,all,intervendb_stability_selector,low_sampling,2549.2193158119917,protocol_core_rf,0.2942,,,,,,,,,,0.0,0.0,0.14782818215982824,0.9999777120195968,0.9999746727722171,0.9999981004134134,0.9999863864555998,0.9999999764369852,1.0000234282345686
gotham,random,all,intervendb_stability_selector,congested_link,2549.2193158119917,protocol_core_rf,0.2942,,,,,,,,,,0.0,0.0,0.14782818215982824,0.9999777120195968,0.9999746727722171,0.9999981004134134,0.9999863864555998,0.9999999764360807,1.0000234282345686
gotham,random,all,intervendb_stability_selector,high_background,2549.2193158119917,protocol_core_rf,0.2942,,,,,,,,,,0.0,0.0,0.14782818215982824,0.9999777120195968,0.9999746727722171,0.9999981004134134,0.9999863864555998,0.9999999764360809,1.0000234282345686
gotham,random,all,intervendb_stability_selector,delayed_collector,2549.2193158119917,protocol_core_rf,0.2942,,,,,,,,,,0.0,0.0,0.14782818215982824,0.9999777120195968,0.9999746727722171,0.9999981004134134,0.9999863864555998,0.9999999764369852,1.0000234282345686
gotham,random,all,intervendb_shift_guard_selector,observed,2549.2193158119917,protocol_core_rf,0.2942,,,,,,,,,,0.0,0.0,0.14782818215982824,0.9999777120195968,0.9999746727722171,0.9999981004134134,0.9999863864555998,0.9999999764360807,1.0000234282345686
gotham,random,all,intervendb_shift_guard_selector,low_sampling,2549.2193158119917,protocol_core_rf,0.2942,,,,,,,,,,0.0,0.0,0.14782818215982824,0.9999777120195968,0.9999746727722171,0.9999981004134134,0.9999863864555998,0.9999999764369852,1.0000234282345686
gotham,random,all,intervendb_shift_guard_selector,congested_link,2549.2193158119917,protocol_core_rf,0.2942,,,,,,,,,,0.0,0.0,0.14782818215982824,0.9999777120195968,0.9999746727722171,0.9999981004134134,0.9999863864555998,0.9999999764360807,1.0000234282345686
gotham,random,all,intervendb_shift_guard_selector,high_background,2549.2193158119917,protocol_core_rf,0.2942,,,,,,,,,,0.0,0.0,0.14782818215982824,0.9999777120195968,0.9999746727722171,0.9999981004134134,0.9999863864555998,0.9999999764360809,1.0000234282345686
gotham,random,all,intervendb_shift_guard_selector,delayed_collector,2549.2193158119917,protocol_core_rf,0.2942,,,,,,,,,,0.0,0.0,0.14782818215982824,0.9999777120195968,0.9999746727722171,0.9999981004134134,0.9999863864555998,0.9999999764369852,1.0000234282345686
gotham,random,all,intervendb_pareto_selector,observed,2549.2193158119917,protocol_core_rf,0.2942,,,,,,,,,,0.0,0.0,0.14782818215982824,0.9999777120195968,0.9999746727722171,0.9999981004134134,0.9999863864555998,0.9999999764360807,1.0000234282345686
gotham,random,all,intervendb_pareto_selector,low_sampling,2549.2193158119917,protocol_core_rf,0.2942,,,,,,,,,,0.0,0.0,0.14782818215982824,0.9999777120195968,0.9999746727722171,0.9999981004134134,0.9999863864555998,0.9999999764369852,1.0000234282345686
gotham,random,all,intervendb_pareto_selector,congested_link,2549.2193158119917,protocol_core_rf,0.2942,,,,,,,,,,0.0,0.0,0.14782818215982824,0.9999777120195968,0.9999746727722171,0.9999981004134134,0.9999863864555998,0.9999999764360807,1.0000234282345686
gotham,random,all,intervendb_pareto_selector,high_background,2549.2193158119917,protocol_core_rf,0.2942,,,,,,,,,,0.0,0.0,0.14782818215982824,0.9999777120195968,0.9999746727722171,0.9999981004134134,0.9999863864555998,0.9999999764360809,1.0000234282345686
gotham,random,all,intervendb_pareto_selector,delayed_collector,2549.2193158119917,protocol_core_rf,0.2942,,,,,,,,,,0.0,0.0,0.14782818215982824,0.9999777120195968,0.9999746727722171,0.9999981004134134,0.9999863864555998,0.9999999764369852,1.0000234282345686
gotham,random,all,intervendb_tail_guard_ensemble,observed,2549.2193158119917,protocol_core_rf+iforest_env_sensitive,0.2942,0.5,,,,,,,,,0.045785946398559985,0.0002644397443962031,0.07116481326383861,0.9795111261079847,0.9755815964715039,1.0,0.9876398911732582,0.9999452116279666,1.025029586061087
gotham,random,all,intervendb_tail_guard_ensemble,low_sampling,2549.2193158119917,protocol_core_rf+iforest_env_sensitive,0.2942,0.5,,,,,,,,,0.045785946398559985,0.0002644397443962031,0.07116481326383861,0.9861228814108395,0.9833306559771665,0.9999993668044711,0.9915949660838218,0.9999953138962809,1.0169512775036393
gotham,random,all,intervendb_tail_guard_ensemble,congested_link,2549.2193158119917,protocol_core_rf+iforest_env_sensitive,0.2942,0.5,,,,,,,,,0.045785946398559985,0.0002644397443962031,0.07116481326383861,0.9794069427577281,0.9754604788943442,1.0,0.9875778223012639,0.9999450980869625,1.0251568583623918
gotham,random,all,intervendb_tail_guard_ensemble,high_background,2549.2193158119917,protocol_core_rf+iforest_env_sensitive,0.2942,0.5,,,,,,,,,0.045785946398559985,0.0002644397443962031,0.07116481326383861,0.984523848398194,0.9814448506633009,1.0,0.9906355459095985,0.9999962312220212,1.018905952101291
gotham,random,all,intervendb_tail_guard_ensemble,delayed_collector,2549.2193158119917,protocol_core_rf+iforest_env_sensitive,0.2942,0.5,,,,,,,,,0.045785946398559985,0.0002644397443962031,0.07116481326383861,0.9795857649260791,0.9756683857671331,1.0,0.9876843632220095,0.9999546679011567,1.0249384059049282
gotham,random,all,intervendb_conformal_tail_guard,observed,2549.2193158119917,protocol_core_rf+conformal_iforest_env_sensitive,0.2942,0.995,,,,,,,,,0.36411631806358546,0.0009798601015910127,0.18947740507386082,0.9990587215718105,0.9988533306853895,0.9999981004134134,0.9994253877367112,0.9909033839126906,1.0011460839072723
gotham,random,all,intervendb_conformal_tail_guard,low_sampling,2549.2193158119917,protocol_core_rf+conformal_iforest_env_sensitive,0.2942,0.995,,,,,,,,,0.36411631806358546,0.0009798601015910127,0.18947740507386082,0.9995257325100257,0.9994228578660929,0.9999981004134134,0.9997103963897982,0.9943317130526113,1.0005755747357516
gotham,random,all,intervendb_conformal_tail_guard,congested_link,2549.2193158119917,protocol_core_rf+conformal_iforest_env_sensitive,0.2942,0.995,,,,,,,,,0.36411631806358546,0.0009798601015910127,0.18947740507386082,0.9989778628522084,0.9987547881210961,0.9999981004134134,0.9993760575697632,0.9904423080302671,1.0012448624097776
gotham,random,all,intervendb_conformal_tail_guard,high_background,2549.2193158119917,protocol_core_rf+conformal_iforest_env_sensitive,0.2942,0.995,,,,,,,,,0.36411631806358546,0.0009798601015910127,0.18947740507386082,0.9991867478778473,0.9990093961871241,0.9999981004134134,0.9995035037949208,0.9908883008062299,1.000989684611639
gotham,random,all,intervendb_conformal_tail_guard,delayed_collector,2549.2193158119917,protocol_core_rf+conformal_iforest_env_sensitive,0.2942,0.995,,,,,,,,,0.36411631806358546,0.0009798601015910127,0.18947740507386082,0.9937246377036953,0.9923940801512136,0.9999981004134134,0.9961815798047298,0.9671754146747766,1.0076622990949737
gotham,random,all,intervendb_gated_conformal_tail_guard,observed,2549.2193158119917,protocol_core_rf+gated_conformal_iforest_env_sensitive,0.2942,0.5,0.001,,,,,,,,0.36411631806358546,0.03648794501373962,0.18947740507386082,0.9091858097093699,0.9001383871625958,1.0,0.947445084256982,0.9909033839126906,1.110940289028431
gotham,random,all,intervendb_gated_conformal_tail_guard,low_sampling,2549.2193158119917,protocol_core_rf+gated_conformal_iforest_env_sensitive,0.2942,0.5,0.001,,,,,,,,0.36411631806358546,0.03648794501373962,0.18947740507386082,0.818586206020761,0.818586206020761,1.0,0.900244600240211,0.9943317130526113,1.221618435107906
gotham,random,all,intervendb_gated_conformal_tail_guard,congested_link,2549.2193158119917,protocol_core_rf+gated_conformal_iforest_env_sensitive,0.2942,0.5,0.001,,,,,,,,0.36411631806358546,0.03648794501373962,0.18947740507386082,0.9022770541095149,0.8933515553275292,1.0,0.9436721382395242,0.9904423080302671,1.119380152232869
gotham,random,all,intervendb_gated_conformal_tail_guard,high_background,2549.2193158119917,protocol_core_rf+gated_conformal_iforest_env_sensitive,0.2942,0.5,0.001,,,,,,,,0.36411631806358546,0.03648794501373962,0.18947740507386082,0.920718543755193,0.9117002877186177,1.0,0.9538109018193656,0.9908883008062299,1.096851688510857
gotham,random,all,intervendb_gated_conformal_tail_guard,delayed_collector,2549.2193158119917,protocol_core_rf+gated_conformal_iforest_env_sensitive,0.2942,0.5,0.001,,,,,,,,0.36411631806358546,0.03648794501373962,0.18947740507386082,0.818586206020761,0.818586206020761,1.0,0.900244600240211,0.9671754146747766,1.221618435107906
gotham,random,all,intervendb_openworld_selector,observed,2549.2193158119917,openworld:protocol_core_rf,0.2942,,,,,,,,,,0.0,0.0,0.14782818215982824,0.9999777120195968,0.9999746727722171,0.9999981004134134,0.9999863864555998,0.9999999764360807,1.0000234282345686
gotham,random,all,intervendb_openworld_selector,low_sampling,2549.2193158119917,openworld:protocol_core_rf,0.2942,,,,,,,,,,0.0,0.0,0.14782818215982824,0.9999777120195968,0.9999746727722171,0.9999981004134134,0.9999863864555998,0.9999999764369852,1.0000234282345686
gotham,random,all,intervendb_openworld_selector,congested_link,2549.2193158119917,openworld:protocol_core_rf,0.2942,,,,,,,,,,0.0,0.0,0.14782818215982824,0.9999777120195968,0.9999746727722171,0.9999981004134134,0.9999863864555998,0.9999999764360807,1.0000234282345686
gotham,random,all,intervendb_openworld_selector,high_background,2549.2193158119917,openworld:protocol_core_rf,0.2942,,,,,,,,,,0.0,0.0,0.14782818215982824,0.9999777120195968,0.9999746727722171,0.9999981004134134,0.9999863864555998,0.9999999764360809,1.0000234282345686
gotham,random,all,intervendb_openworld_selector,delayed_collector,2549.2193158119917,openworld:protocol_core_rf,0.2942,,,,,,,,,,0.0,0.0,0.14782818215982824,0.9999777120195968,0.9999746727722171,0.9999981004134134,0.9999863864555998,0.9999999764369852,1.0000234282345686
gotham,random,all,intervendb_coverage_openworld_selector,observed,2549.2193158119917,coverage:protocol_core_rf,0.2942,,,0.8186053840504103,0.6957982320802195,,,,,,0.0,0.0,0.14782818215982824,0.9999777120195968,0.9999746727722171,0.9999981004134134,0.9999863864555998,0.9999999764360807,1.0000234282345686
gotham,random,all,intervendb_coverage_openworld_selector,low_sampling,2549.2193158119917,coverage:protocol_core_rf,0.2942,,,0.8186053840504103,0.6957982320802195,,,,,,0.0,0.0,0.14782818215982824,0.9999777120195968,0.9999746727722171,0.9999981004134134,0.9999863864555998,0.9999999764369852,1.0000234282345686
gotham,random,all,intervendb_coverage_openworld_selector,congested_link,2549.2193158119917,coverage:protocol_core_rf,0.2942,,,0.8186053840504103,0.6957982320802195,,,,,,0.0,0.0,0.14782818215982824,0.9999777120195968,0.9999746727722171,0.9999981004134134,0.9999863864555998,0.9999999764360807,1.0000234282345686
gotham,random,all,intervendb_coverage_openworld_selector,high_background,2549.2193158119917,coverage:protocol_core_rf,0.2942,,,0.8186053840504103,0.6957982320802195,,,,,,0.0,0.0,0.14782818215982824,0.9999777120195968,0.9999746727722171,0.9999981004134134,0.9999863864555998,0.9999999764360809,1.0000234282345686
gotham,random,all,intervendb_coverage_openworld_selector,delayed_collector,2549.2193158119917,coverage:protocol_core_rf,0.2942,,,0.8186053840504103,0.6957982320802195,,,,,,0.0,0.0,0.14782818215982824,0.9999777120195968,0.9999746727722171,0.9999981004134134,0.9999863864555998,0.9999999764369852,1.0000234282345686
gotham,random,all,intervendb_coverage_lift_openworld_selector,observed,2549.2193158119917,coverage_lift:protocol_core_rf,0.2942,,,0.8186053840504103,0.6957982320802195,0.0,0.909400396311391,0.09079501226098075,0.03,0.6610083204762085,0.0,0.0,0.14782818215982824,0.9999777120195968,0.9999746727722171,0.9999981004134134,0.9999863864555998,0.9999999764360807,1.0000234282345686
gotham,random,all,intervendb_coverage_lift_openworld_selector,low_sampling,2549.2193158119917,coverage_lift:protocol_core_rf,0.2942,,,0.8186053840504103,0.6957982320802195,0.0,0.909400396311391,0.09079501226098075,0.03,0.6610083204762085,0.0,0.0,0.14782818215982824,0.9999777120195968,0.9999746727722171,0.9999981004134134,0.9999863864555998,0.9999999764369852,1.0000234282345686
gotham,random,all,intervendb_coverage_lift_openworld_selector,congested_link,2549.2193158119917,coverage_lift:protocol_core_rf,0.2942,,,0.8186053840504103,0.6957982320802195,0.0,0.909400396311391,0.09079501226098075,0.03,0.6610083204762085,0.0,0.0,0.14782818215982824,0.9999777120195968,0.9999746727722171,0.9999981004134134,0.9999863864555998,0.9999999764360807,1.0000234282345686
gotham,random,all,intervendb_coverage_lift_openworld_selector,high_background,2549.2193158119917,coverage_lift:protocol_core_rf,0.2942,,,0.8186053840504103,0.6957982320802195,0.0,0.909400396311391,0.09079501226098075,0.03,0.6610083204762085,0.0,0.0,0.14782818215982824,0.9999777120195968,0.9999746727722171,0.9999981004134134,0.9999863864555998,0.9999999764360809,1.0000234282345686
gotham,random,all,intervendb_coverage_lift_openworld_selector,delayed_collector,2549.2193158119917,coverage_lift:protocol_core_rf,0.2942,,,0.8186053840504103,0.6957982320802195,0.0,0.909400396311391,0.09079501226098075,0.03,0.6610083204762085,0.0,0.0,0.14782818215982824,0.9999777120195968,0.9999746727722171,0.9999981004134134,0.9999863864555998,0.9999999764369852,1.0000234282345686
gotham,random,all,intervendb_adaptive_openworld_selector,observed,2549.2193158119917,adaptive:protocol_core_rf,0.2942,,,0.8186053840504103,0.6957982320802195,0.0,0.909400396311391,0.09079501226098075,0.03,0.6610083204762085,0.0,0.0,0.14782818215982824,0.9999777120195968,0.9999746727722171,0.9999981004134134,0.9999863864555998,0.9999999764360807,1.0000234282345686
gotham,random,all,intervendb_adaptive_openworld_selector,low_sampling,2549.2193158119917,adaptive:protocol_core_rf,0.2942,,,0.8186053840504103,0.6957982320802195,0.0,0.909400396311391,0.09079501226098075,0.03,0.6610083204762085,0.0,0.0,0.14782818215982824,0.9999777120195968,0.9999746727722171,0.9999981004134134,0.9999863864555998,0.9999999764369852,1.0000234282345686
gotham,random,all,intervendb_adaptive_openworld_selector,congested_link,2549.2193158119917,adaptive:protocol_core_rf,0.2942,,,0.8186053840504103,0.6957982320802195,0.0,0.909400396311391,0.09079501226098075,0.03,0.6610083204762085,0.0,0.0,0.14782818215982824,0.9999777120195968,0.9999746727722171,0.9999981004134134,0.9999863864555998,0.9999999764360807,1.0000234282345686
gotham,random,all,intervendb_adaptive_openworld_selector,high_background,2549.2193158119917,adaptive:protocol_core_rf,0.2942,,,0.8186053840504103,0.6957982320802195,0.0,0.909400396311391,0.09079501226098075,0.03,0.6610083204762085,0.0,0.0,0.14782818215982824,0.9999777120195968,0.9999746727722171,0.9999981004134134,0.9999863864555998,0.9999999764360809,1.0000234282345686
gotham,random,all,intervendb_adaptive_openworld_selector,delayed_collector,2549.2193158119917,adaptive:protocol_core_rf,0.2942,,,0.8186053840504103,0.6957982320802195,0.0,0.909400396311391,0.09079501226098075,0.03,0.6610083204762085,0.0,0.0,0.14782818215982824,0.9999777120195968,0.9999746727722171,0.9999981004134134,0.9999863864555998,0.9999999764369852,1.0000234282345686
gotham,random,all,intervendb_counterfactual_ensemble,congested_link,2549.2193158119917,weighted_pool,0.304,,,,,,,,,,0.5504571961303399,6.61306320834913e-08,0.43190341455488906,0.9999839319211047,0.9999822708058426,0.9999981004134134,0.9999901855469832,0.9999999989868871,1.000015829888222
gotham,random,all,intervendb_counterfactual_ensemble,delayed_collector,2549.2193158119917,weighted_pool,0.304,,,,,,,,,,0.5504571961303399,6.61306320834913e-08,0.43190341455488906,0.9999803036452252,0.999977838605529,0.9999981004134134,0.9999879694068348,0.9999999988421567,1.000020262256924
gotham,random,all,intervendb_counterfactual_ensemble,high_background,2549.2193158119917,weighted_pool,0.304,,,,,,,,,,0.5504571961303399,6.61306320834913e-08,0.43190341455488906,0.9999839319211047,0.9999822708058426,0.9999981004134134,0.9999901855469832,0.9999999989615593,1.000015829888222
gotham,random,all,intervendb_counterfactual_ensemble,low_sampling,2549.2193158119917,weighted_pool,0.304,,,,,,,,,,0.5504571961303399,6.61306320834913e-08,0.43190341455488906,0.9999839319211047,0.9999822708058426,0.9999981004134134,0.9999901855469832,0.9999999989923147,1.000015829888222
gotham,random,all,intervendb_counterfactual_ensemble,observed,2549.2193158119917,weighted_pool,0.304,,,,,,,,,,0.5504571961303399,6.61306320834913e-08,0.43190341455488906,0.9999839319211047,0.9999822708058426,0.9999981004134134,0.9999901855469832,0.9999999992184557,1.000015829888222
gotham,random,all,intervendb_env_calibrated_ensemble,congested_link,2549.2193158119917,weighted_pool_env_calibrated,0.304,,,,,,,,,,0.5504571961303399,1.8717855133586823e-07,0.43190341455488906,0.9999839319211047,0.9999822708058426,0.9999981004134134,0.9999901855469832,0.9999999989868871,1.000015829888222
gotham,random,all,intervendb_env_calibrated_ensemble,delayed_collector,2549.2193158119917,weighted_pool_env_calibrated,0.304,,,,,,,,,,0.5504571961303399,1.8717855133586823e-07,0.43190341455488906,0.9999771936944711,0.99997403960796,0.9999981004134134,0.9999860698659542,0.9999999988421567,1.0000240614300975
gotham,random,all,intervendb_env_calibrated_ensemble,high_background,2549.2193158119917,weighted_pool_env_calibrated,0.304,,,,,,,,,,0.5504571961303399,1.8717855133586823e-07,0.43190341455488906,0.9999803036452252,0.999977838605529,0.9999981004134134,0.9999879694068348,0.9999999989615593,1.000020262256924
gotham,random,all,intervendb_env_calibrated_ensemble,low_sampling,2549.2193158119917,weighted_pool_env_calibrated,0.304,,,,,,,,,,0.5504571961303399,1.8717855133586823e-07,0.43190341455488906,0.9999839319211047,0.9999822708058426,0.9999981004134134,0.9999901855469832,0.9999999989923147,1.000015829888222
gotham,random,all,intervendb_env_calibrated_ensemble,observed,2549.2193158119917,weighted_pool_env_calibrated,0.304,,,,,,,,,,0.5504571961303399,1.8717855133586823e-07,0.43190341455488906,0.9999803036452252,0.999977838605529,0.9999981004134134,0.9999879694068348,0.9999999992184557,1.000020262256924
gotham,time,all,intervendb_observed_selector,observed,2524.082989104092,rf_full,0.5588,,,,,,,,,,0.8056498522236033,0.016313108577978835,0.6368757970187299,0.941476977046502,0.9999440863851712,0.9285591264946571,0.9629304231345047,0.9999269098702818,0.9286110484951484
gotham,time,all,intervendb_observed_selector,low_sampling,2524.082989104092,rf_full,0.5588,,,,,,,,,,0.8056498522236033,0.016313108577978835,0.6368757970187299,0.9413276994876877,0.9998493049617535,0.9284647804205935,0.9628357459214729,0.9997766161382986,0.928604716543869
gotham,time,all,intervendb_observed_selector,congested_link,2524.082989104092,rf_full,0.5588,,,,,,,,,,0.8056498522236033,0.016313108577978835,0.6368757970187299,0.9404921598182131,0.9999631296634148,0.9273383262879822,0.9622823997235112,0.9999256833640824,0.9273725188248911
gotham,time,all,intervendb_observed_selector,high_background,2524.082989104092,rf_full,0.5588,,,,,,,,,,0.8056498522236033,0.016313108577978835,0.6368757970187299,0.9179351803666838,0.9999380779247098,0.8998038361493631,0.9472319495219523,0.9997818523092264,0.8998595573206222
gotham,time,all,intervendb_observed_selector,delayed_collector,2524.082989104092,rf_full,0.5588,,,,,,,,,,0.8056498522236033,0.016313108577978835,0.6368757970187299,0.9999507591385856,0.9999398500810758,1.0,0.9999699241360075,0.9999723142087902,1.0000601535371547
gotham,time,all,intervendb_minimax_selector,observed,2524.082989104092,rf_full,0.5588,,,,,,,,,,0.8056498522236033,0.016313108577978835,0.6368757970187299,0.941476977046502,0.9999440863851712,0.9285591264946571,0.9629304231345047,0.9999269098702818,0.9286110484951484
gotham,time,all,intervendb_minimax_selector,low_sampling,2524.082989104092,rf_full,0.5588,,,,,,,,,,0.8056498522236033,0.016313108577978835,0.6368757970187299,0.9413276994876877,0.9998493049617535,0.9284647804205935,0.9628357459214729,0.9997766161382986,0.928604716543869
gotham,time,all,intervendb_minimax_selector,congested_link,2524.082989104092,rf_full,0.5588,,,,,,,,,,0.8056498522236033,0.016313108577978835,0.6368757970187299,0.9404921598182131,0.9999631296634148,0.9273383262879822,0.9622823997235112,0.9999256833640824,0.9273725188248911
gotham,time,all,intervendb_minimax_selector,high_background,2524.082989104092,rf_full,0.5588,,,,,,,,,,0.8056498522236033,0.016313108577978835,0.6368757970187299,0.9179351803666838,0.9999380779247098,0.8998038361493631,0.9472319495219523,0.9997818523092264,0.8998595573206222
gotham,time,all,intervendb_minimax_selector,delayed_collector,2524.082989104092,rf_full,0.5588,,,,,,,,,,0.8056498522236033,0.016313108577978835,0.6368757970187299,0.9999507591385856,0.9999398500810758,1.0,0.9999699241360075,0.9999723142087902,1.0000601535371547
gotham,time,all,intervendb_stability_selector,observed,2524.082989104092,protocol_core_rf,0.5588,,,,,,,,,,0.0,5.538765833278287e-16,0.057162938523875405,0.9415521341507662,1.0,0.9285990177877176,0.9629777981043535,0.9999999116819436,0.9285990177877176
gotham,time,all,intervendb_stability_selector,low_sampling,2524.082989104092,protocol_core_rf,0.5588,,,,,,,,,,0.0,5.538765833278287e-16,0.057162938523875405,0.9415521341507662,1.0,0.9285990177877176,0.9629777981043535,0.9999999116819436,0.9285990177877176
gotham,time,all,intervendb_stability_selector,congested_link,2524.082989104092,protocol_core_rf,0.5588,,,,,,,,,,0.0,5.538765833278287e-16,0.057162938523875405,0.9415521341507662,1.0,0.9285990177877176,0.9629777981043535,0.9999999116819436,0.9285990177877176
gotham,time,all,intervendb_stability_selector,high_background,2524.082989104092,protocol_core_rf,0.5588,,,,,,,,,,0.0,5.538765833278287e-16,0.057162938523875405,0.9415521341507662,1.0,0.9285990177877176,0.9629777981043535,0.9999999116819436,0.9285990177877176
gotham,time,all,intervendb_stability_selector,delayed_collector,2524.082989104092,protocol_core_rf,0.5588,,,,,,,,,,0.0,5.538765833278287e-16,0.057162938523875405,0.9415521341507662,1.0,0.9285990177877176,0.9629777981043535,0.9999999116819436,0.9285990177877176
gotham,time,all,intervendb_shift_guard_selector,observed,2524.082989104092,rf_full,0.5588,,,,,,,,,,0.8056498522236033,0.016313108577978835,0.6368757970187299,0.941476977046502,0.9999440863851712,0.9285591264946571,0.9629304231345047,0.9999269098702818,0.9286110484951484
gotham,time,all,intervendb_shift_guard_selector,low_sampling,2524.082989104092,rf_full,0.5588,,,,,,,,,,0.8056498522236033,0.016313108577978835,0.6368757970187299,0.9413276994876877,0.9998493049617535,0.9284647804205935,0.9628357459214729,0.9997766161382986,0.928604716543869
gotham,time,all,intervendb_shift_guard_selector,congested_link,2524.082989104092,rf_full,0.5588,,,,,,,,,,0.8056498522236033,0.016313108577978835,0.6368757970187299,0.9404921598182131,0.9999631296634148,0.9273383262879822,0.9622823997235112,0.9999256833640824,0.9273725188248911
gotham,time,all,intervendb_shift_guard_selector,high_background,2524.082989104092,rf_full,0.5588,,,,,,,,,,0.8056498522236033,0.016313108577978835,0.6368757970187299,0.9179351803666838,0.9999380779247098,0.8998038361493631,0.9472319495219523,0.9997818523092264,0.8998595573206222
gotham,time,all,intervendb_shift_guard_selector,delayed_collector,2524.082989104092,rf_full,0.5588,,,,,,,,,,0.8056498522236033,0.016313108577978835,0.6368757970187299,0.9999507591385856,0.9999398500810758,1.0,0.9999699241360075,0.9999723142087902,1.0000601535371547
gotham,time,all,intervendb_pareto_selector,observed,2524.082989104092,protocol_core_rf,0.5588,,,,,,,,,,0.0,5.538765833278287e-16,0.057162938523875405,0.9415521341507662,1.0,0.9285990177877176,0.9629777981043535,0.9999999116819436,0.9285990177877176
gotham,time,all,intervendb_pareto_selector,low_sampling,2524.082989104092,protocol_core_rf,0.5588,,,,,,,,,,0.0,5.538765833278287e-16,0.057162938523875405,0.9415521341507662,1.0,0.9285990177877176,0.9629777981043535,0.9999999116819436,0.9285990177877176
gotham,time,all,intervendb_pareto_selector,congested_link,2524.082989104092,protocol_core_rf,0.5588,,,,,,,,,,0.0,5.538765833278287e-16,0.057162938523875405,0.9415521341507662,1.0,0.9285990177877176,0.9629777981043535,0.9999999116819436,0.9285990177877176
gotham,time,all,intervendb_pareto_selector,high_background,2524.082989104092,protocol_core_rf,0.5588,,,,,,,,,,0.0,5.538765833278287e-16,0.057162938523875405,0.9415521341507662,1.0,0.9285990177877176,0.9629777981043535,0.9999999116819436,0.9285990177877176
gotham,time,all,intervendb_pareto_selector,delayed_collector,2524.082989104092,protocol_core_rf,0.5588,,,,,,,,,,0.0,5.538765833278287e-16,0.057162938523875405,0.9415521341507662,1.0,0.9285990177877176,0.9629777981043535,0.9999999116819436,0.9285990177877176
gotham,time,all,intervendb_tail_guard_ensemble,observed,2524.082989104092,protocol_core_rf+iforest_env_sensitive,0.5588,0.5,,,,,,,,,0.1073784049541395,0.014947779035705384,0.21524645896789668,0.9377419281270021,0.9950124840556898,0.9285990177877176,0.9606592750097276,0.9934055712767855,0.9332536351732296
gotham,time,all,intervendb_tail_guard_ensemble,low_sampling,2524.082989104092,protocol_core_rf+iforest_env_sensitive,0.5588,0.5,,,,,,,,,0.1073784049541395,0.014947779035705384,0.21524645896789668,0.9413142230414059,0.9996871140050225,0.9285990177877176,0.9628327008679438,0.9673064749222164,0.9288896543514435
gotham,time,all,intervendb_tail_guard_ensemble,congested_link,2524.082989104092,protocol_core_rf+iforest_env_sensitive,0.5588,0.5,,,,,,,,,0.1073784049541395,0.014947779035705384,0.21524645896789668,0.9391237821957485,0.9968155550450173,0.9285990177877176,0.9614988464208889,0.9940135805330128,0.9315655369621324
gotham,time,all,intervendb_tail_guard_ensemble,high_background,2524.082989104092,protocol_core_rf+iforest_env_sensitive,0.5588,0.5,,,,,,,,,0.1073784049541395,0.014947779035705384,0.21524645896789668,0.9356712203233103,0.9923207619558002,0.9286009173731014,0.9594039983998288,0.9568679964032706,0.9357870488801311
gotham,time,all,intervendb_tail_guard_ensemble,delayed_collector,2524.082989104092,protocol_core_rf+iforest_env_sensitive,0.5588,0.5,,,,,,,,,0.1073784049541395,0.014947779035705384,0.21524645896789668,0.9837691754280845,0.9805576286192899,1.0,0.9901833851740715,0.9964963916706255,1.0198278722364198
gotham,time,all,intervendb_conformal_tail_guard,observed,2524.082989104092,protocol_core_rf+conformal_iforest_env_sensitive,0.5588,0.995,,,,,,,,,0.39668573142325003,0.0010274494658660859,0.39846658280981473,0.9407383641252853,0.9989305898307947,0.9285990177877176,0.9624816769492329,0.9846041309686329,0.9295931341385887
gotham,time,all,intervendb_conformal_tail_guard,low_sampling,2524.082989104092,protocol_core_rf+conformal_iforest_env_sensitive,0.5588,0.995,,,,,,,,,0.39668573142325003,0.0010274494658660859,0.39846658280981473,0.9387962008861281,0.9963875296736208,0.9285990177877176,0.9612996855599452,0.8511525874541973,0.9319657162829926
gotham,time,all,intervendb_conformal_tail_guard,congested_link,2524.082989104092,protocol_core_rf+conformal_iforest_env_sensitive,0.5588,0.995,,,,,,,,,0.39668573142325003,0.0010274494658660859,0.39846658280981473,0.9412255894908599,0.9995705986876678,0.9285990177877176,0.9627786562134103,0.9880333459776369,0.9289979307183219
gotham,time,all,intervendb_conformal_tail_guard,high_background,2524.082989104092,protocol_core_rf+conformal_iforest_env_sensitive,0.5588,0.995,,,,,,,,,0.39668573142325003,0.0010274494658660859,0.39846658280981473,0.9412312910642868,0.9995780930076584,0.9285990177877176,0.9627821325875449,0.9537470383591417,0.9289909655719145
gotham,time,all,intervendb_conformal_tail_guard,delayed_collector,2524.082989104092,protocol_core_rf+conformal_iforest_env_sensitive,0.5588,0.995,,,,,,,,,0.39668573142325003,0.0010274494658660859,0.39846658280981473,0.9474714040176396,0.9940484826037455,0.9414668091777835,0.9670434091208421,0.9841362008654149,0.9471035122067357
gotham,time,all,intervendb_gated_conformal_tail_guard,observed,2524.082989104092,protocol_core_rf+gated_conformal_iforest_env_sensitive,0.5588,0.5,0.001,,,,,,,,0.39668573142325003,0.0,0.39846658280981473,0.8185863000520398,0.8185863000520398,1.0,0.9002446571038345,0.9846041309686329,1.2216182947801926
gotham,time,all,intervendb_gated_conformal_tail_guard,low_sampling,2524.082989104092,protocol_core_rf+gated_conformal_iforest_env_sensitive,0.5588,0.5,0.001,,,,,,,,0.39668573142325003,0.0,0.39846658280981473,0.8185863000520398,0.8185863000520398,1.0,0.9002446571038345,0.8511525874541973,1.2216182947801926
gotham,time,all,intervendb_gated_conformal_tail_guard,congested_link,2524.082989104092,protocol_core_rf+gated_conformal_iforest_env_sensitive,0.5588,0.5,0.001,,,,,,,,0.39668573142325003,0.0,0.39846658280981473,0.8185863000520398,0.8185863000520398,1.0,0.9002446571038345,0.9880333459776369,1.2216182947801926
gotham,time,all,intervendb_gated_conformal_tail_guard,high_background,2524.082989104092,protocol_core_rf+gated_conformal_iforest_env_sensitive,0.5588,0.5,0.001,,,,,,,,0.39668573142325003,0.0,0.39846658280981473,0.8185863000520398,0.8185863000520398,1.0,0.9002446571038345,0.9537470383591417,1.2216182947801926
gotham,time,all,intervendb_gated_conformal_tail_guard,delayed_collector,2524.082989104092,protocol_core_rf+gated_conformal_iforest_env_sensitive,0.5588,0.5,0.001,,,,,,,,0.39668573142325003,0.0,0.39846658280981473,0.8185863000520398,0.8185863000520398,1.0,0.9002446571038345,0.9841362008654149,1.2216182947801926
gotham,time,all,intervendb_openworld_selector,observed,2524.082989104092,openworld:protocol_core_rf,0.5588,,,,,,,,,,0.0,5.538765833278287e-16,0.057162938523875405,0.9415521341507662,1.0,0.9285990177877176,0.9629777981043535,0.9999999116819436,0.9285990177877176
gotham,time,all,intervendb_openworld_selector,low_sampling,2524.082989104092,openworld:protocol_core_rf,0.5588,,,,,,,,,,0.0,5.538765833278287e-16,0.057162938523875405,0.9415521341507662,1.0,0.9285990177877176,0.9629777981043535,0.9999999116819436,0.9285990177877176
gotham,time,all,intervendb_openworld_selector,congested_link,2524.082989104092,openworld:protocol_core_rf,0.5588,,,,,,,,,,0.0,5.538765833278287e-16,0.057162938523875405,0.9415521341507662,1.0,0.9285990177877176,0.9629777981043535,0.9999999116819436,0.9285990177877176
gotham,time,all,intervendb_openworld_selector,high_background,2524.082989104092,openworld:protocol_core_rf,0.5588,,,,,,,,,,0.0,5.538765833278287e-16,0.057162938523875405,0.9415521341507662,1.0,0.9285990177877176,0.9629777981043535,0.9999999116819436,0.9285990177877176
gotham,time,all,intervendb_openworld_selector,delayed_collector,2524.082989104092,openworld:protocol_core_rf,0.5588,,,,,,,,,,0.0,5.538765833278287e-16,0.057162938523875405,0.9415521341507662,1.0,0.9285990177877176,0.9629777981043535,0.9999999116819436,0.9285990177877176
gotham,time,all,intervendb_coverage_openworld_selector,observed,2524.082989104092,coverage:protocol_core_rf,0.5588,,,0.760138434202806,0.6957981890427681,,,,,,0.0,5.538765833278287e-16,0.057162938523875405,0.9415521341507662,1.0,0.9285990177877176,0.9629777981043535,0.9999999116819436,0.9285990177877176
gotham,time,all,intervendb_coverage_openworld_selector,low_sampling,2524.082989104092,coverage:protocol_core_rf,0.5588,,,0.760138434202806,0.6957981890427681,,,,,,0.0,5.538765833278287e-16,0.057162938523875405,0.9415521341507662,1.0,0.9285990177877176,0.9629777981043535,0.9999999116819436,0.9285990177877176
gotham,time,all,intervendb_coverage_openworld_selector,congested_link,2524.082989104092,coverage:protocol_core_rf,0.5588,,,0.760138434202806,0.6957981890427681,,,,,,0.0,5.538765833278287e-16,0.057162938523875405,0.9415521341507662,1.0,0.9285990177877176,0.9629777981043535,0.9999999116819436,0.9285990177877176
gotham,time,all,intervendb_coverage_openworld_selector,high_background,2524.082989104092,coverage:protocol_core_rf,0.5588,,,0.760138434202806,0.6957981890427681,,,,,,0.0,5.538765833278287e-16,0.057162938523875405,0.9415521341507662,1.0,0.9285990177877176,0.9629777981043535,0.9999999116819436,0.9285990177877176
gotham,time,all,intervendb_coverage_openworld_selector,delayed_collector,2524.082989104092,coverage:protocol_core_rf,0.5588,,,0.760138434202806,0.6957981890427681,,,,,,0.0,5.538765833278287e-16,0.057162938523875405,0.9415521341507662,1.0,0.9285990177877176,0.9629777981043535,0.9999999116819436,0.9285990177877176
gotham,time,all,intervendb_coverage_lift_openworld_selector,observed,2524.082989104092,coverage_lift:protocol_core_rf,0.5588,,,0.760138434202806,0.6957981890427681,0.0,1.0,0.23986156579719398,0.03,0.6610082795906297,0.0,5.538765833278287e-16,0.057162938523875405,0.9415521341507662,1.0,0.9285990177877176,0.9629777981043535,0.9999999116819436,0.9285990177877176
gotham,time,all,intervendb_coverage_lift_openworld_selector,low_sampling,2524.082989104092,coverage_lift:protocol_core_rf,0.5588,,,0.760138434202806,0.6957981890427681,0.0,1.0,0.23986156579719398,0.03,0.6610082795906297,0.0,5.538765833278287e-16,0.057162938523875405,0.9415521341507662,1.0,0.9285990177877176,0.9629777981043535,0.9999999116819436,0.9285990177877176
gotham,time,all,intervendb_coverage_lift_openworld_selector,congested_link,2524.082989104092,coverage_lift:protocol_core_rf,0.5588,,,0.760138434202806,0.6957981890427681,0.0,1.0,0.23986156579719398,0.03,0.6610082795906297,0.0,5.538765833278287e-16,0.057162938523875405,0.9415521341507662,1.0,0.9285990177877176,0.9629777981043535,0.9999999116819436,0.9285990177877176
gotham,time,all,intervendb_coverage_lift_openworld_selector,high_background,2524.082989104092,coverage_lift:protocol_core_rf,0.5588,,,0.760138434202806,0.6957981890427681,0.0,1.0,0.23986156579719398,0.03,0.6610082795906297,0.0,5.538765833278287e-16,0.057162938523875405,0.9415521341507662,1.0,0.9285990177877176,0.9629777981043535,0.9999999116819436,0.9285990177877176
gotham,time,all,intervendb_coverage_lift_openworld_selector,delayed_collector,2524.082989104092,coverage_lift:protocol_core_rf,0.5588,,,0.760138434202806,0.6957981890427681,0.0,1.0,0.23986156579719398,0.03,0.6610082795906297,0.0,5.538765833278287e-16,0.057162938523875405,0.9415521341507662,1.0,0.9285990177877176,0.9629777981043535,0.9999999116819436,0.9285990177877176
gotham,time,all,intervendb_adaptive_openworld_selector,observed,2524.082989104092,adaptive:rf_full,0.5588,,,0.7601482823750889,0.6957981890427681,0.0,1.0,0.2398517176249111,0.03,0.6610082795906297,0.8056498522236033,0.016313108577978835,0.6368757970187299,0.941476977046502,0.9999440863851712,0.9285591264946571,0.9629304231345047,0.9999269098702818,0.9286110484951484
gotham,time,all,intervendb_adaptive_openworld_selector,low_sampling,2524.082989104092,adaptive:rf_full,0.5588,,,0.7601482823750889,0.6957981890427681,0.0,1.0,0.2398517176249111,0.03,0.6610082795906297,0.8056498522236033,0.016313108577978835,0.6368757970187299,0.9413276994876877,0.9998493049617535,0.9284647804205935,0.9628357459214729,0.9997766161382986,0.928604716543869
gotham,time,all,intervendb_adaptive_openworld_selector,congested_link,2524.082989104092,adaptive:rf_full,0.5588,,,0.7601482823750889,0.6957981890427681,0.0,1.0,0.2398517176249111,0.03,0.6610082795906297,0.8056498522236033,0.016313108577978835,0.6368757970187299,0.9404921598182131,0.9999631296634148,0.9273383262879822,0.9622823997235112,0.9999256833640824,0.9273725188248911
gotham,time,all,intervendb_adaptive_openworld_selector,high_background,2524.082989104092,adaptive:rf_full,0.5588,,,0.7601482823750889,0.6957981890427681,0.0,1.0,0.2398517176249111,0.03,0.6610082795906297,0.8056498522236033,0.016313108577978835,0.6368757970187299,0.9179351803666838,0.9999380779247098,0.8998038361493631,0.9472319495219523,0.9997818523092264,0.8998595573206222
gotham,time,all,intervendb_adaptive_openworld_selector,delayed_collector,2524.082989104092,adaptive:rf_full,0.5588,,,0.7601482823750889,0.6957981890427681,0.0,1.0,0.2398517176249111,0.03,0.6610082795906297,0.8056498522236033,0.016313108577978835,0.6368757970187299,0.9999507591385856,0.9999398500810758,1.0,0.9999699241360075,0.9999723142087902,1.0000601535371547
gotham,time,all,intervendb_counterfactual_ensemble,congested_link,2524.082989104092,weighted_pool,0.6078,,,,,,,,,,0.5789735650986484,2.539104355344428e-08,0.47668503829432163,0.9415521341507662,1.0,0.9285990177877176,0.9629777981043535,0.9999998693392809,0.9285990177877176
gotham,time,all,intervendb_counterfactual_ensemble,delayed_collector,2524.082989104092,weighted_pool,0.6078,,,,,,,,,,0.5789735650986484,2.539104355344428e-08,0.47668503829432163,0.9415526524756231,1.0,0.9285996509828455,0.9629781385780259,0.9999998962030364,0.9285996509828455
gotham,time,all,intervendb_counterfactual_ensemble,high_background,2524.082989104092,weighted_pool,0.6078,,,,,,,,,,0.5789735650986484,2.539104355344428e-08,0.47668503829432163,0.9415521341507662,1.0,0.9285990177877176,0.9629777981043535,0.9999998921469694,0.9285990177877176
gotham,time,all,intervendb_counterfactual_ensemble,low_sampling,2524.082989104092,weighted_pool,0.6078,,,,,,,,,,0.5789735650986484,2.539104355344428e-08,0.47668503829432163,0.9415526524756231,1.0,0.9285996509828455,0.9629781385780259,0.9999997694156622,0.9285996509828455
gotham,time,all,intervendb_counterfactual_ensemble,observed,2524.082989104092,weighted_pool,0.6078,,,,,,,,,,0.5789735650986484,2.539104355344428e-08,0.47668503829432163,0.9415526524756231,1.0,0.9285996509828455,0.9629781385780259,0.9999998922392349,0.9285996509828455
gotham,time,all,intervendb_env_calibrated_ensemble,congested_link,2524.082989104092,weighted_pool_env_calibrated,0.6078,,,,,,,,,,0.5789735650986484,2.517620833308312e-16,0.47668503829432163,0.9415526524756231,1.0,0.9285996509828455,0.9629781385780259,0.9999998693392809,0.9285996509828455
gotham,time,all,intervendb_env_calibrated_ensemble,delayed_collector,2524.082989104092,weighted_pool_env_calibrated,0.6078,,,,,,,,,,0.5789735650986484,2.517620833308312e-16,0.47668503829432163,0.9415526524756231,1.0,0.9285996509828455,0.9629781385780259,0.9999998962030364,0.9285996509828455
gotham,time,all,intervendb_env_calibrated_ensemble,high_background,2524.082989104092,weighted_pool_env_calibrated,0.6078,,,,,,,,,,0.5789735650986484,2.517620833308312e-16,0.47668503829432163,0.9415526524756231,1.0,0.9285996509828455,0.9629781385780259,0.9999998921469694,0.9285996509828455
gotham,time,all,intervendb_env_calibrated_ensemble,low_sampling,2524.082989104092,weighted_pool_env_calibrated,0.6078,,,,,,,,,,0.5789735650986484,2.517620833308312e-16,0.47668503829432163,0.9415526524756231,1.0,0.9285996509828455,0.9629781385780259,0.9999997694156622,0.9285996509828455
gotham,time,all,intervendb_env_calibrated_ensemble,observed,2524.082989104092,weighted_pool_env_calibrated,0.6078,,,,,,,,,,0.5789735650986484,2.517620833308312e-16,0.47668503829432163,0.9415526524756231,1.0,0.9285996509828455,0.9629781385780259,0.9999998922392349,0.9285996509828455
gotham,device,all,intervendb_observed_selector,observed,2831.2069391086698,rf_full,0.549,,,,,,,,,,0.7471430656536389,0.06575181361951501,0.5685918368415507,0.9425553408481605,1.0,0.9220148524036124,0.9594253147945959,1.0,0.9220148524036124
gotham,device,all,intervendb_observed_selector,low_sampling,2831.2069391086698,rf_full,0.549,,,,,,,,,,0.7471430656536389,0.06575181361951501,0.5685918368415507,0.8648913190017686,1.0,0.8165805040056027,0.8990303509313499,0.9999960077072078,0.8165805040056027
gotham,device,all,intervendb_observed_selector,congested_link,2831.2069391086698,rf_full,0.549,,,,,,,,,,0.7471430656536389,0.06575181361951501,0.5685918368415507,0.8921408269839384,1.0,0.8535736193499106,0.921003202073277,0.9999999750236811,0.8535736193499106
gotham,device,all,intervendb_observed_selector,high_background,2831.2069391086698,rf_full,0.549,,,,,,,,,,0.7471430656536389,0.06575181361951501,0.5685918368415507,0.7637304831901347,1.0,0.679247585189048,0.8089903968658427,0.9999971164061419,0.679247585189048
gotham,device,all,intervendb_observed_selector,delayed_collector,2831.2069391086698,rf_full,0.549,,,,,,,,,,0.7471430656536389,0.06575181361951501,0.5685918368415507,0.9990181189375,1.0,0.9986670276974094,0.9993330693486617,0.9999999999882805,0.9986670276974094
gotham,device,all,intervendb_minimax_selector,observed,2831.2069391086698,rf_full,0.549,,,,,,,,,,0.7471430656536389,0.06575181361951501,0.5685918368415507,0.9425553408481605,1.0,0.9220148524036124,0.9594253147945959,1.0,0.9220148524036124
gotham,device,all,intervendb_minimax_selector,low_sampling,2831.2069391086698,rf_full,0.549,,,,,,,,,,0.7471430656536389,0.06575181361951501,0.5685918368415507,0.8648913190017686,1.0,0.8165805040056027,0.8990303509313499,0.9999960077072078,0.8165805040056027
gotham,device,all,intervendb_minimax_selector,congested_link,2831.2069391086698,rf_full,0.549,,,,,,,,,,0.7471430656536389,0.06575181361951501,0.5685918368415507,0.8921408269839384,1.0,0.8535736193499106,0.921003202073277,0.9999999750236811,0.8535736193499106
gotham,device,all,intervendb_minimax_selector,high_background,2831.2069391086698,rf_full,0.549,,,,,,,,,,0.7471430656536389,0.06575181361951501,0.5685918368415507,0.7637304831901347,1.0,0.679247585189048,0.8089903968658427,0.9999971164061419,0.679247585189048
gotham,device,all,intervendb_minimax_selector,delayed_collector,2831.2069391086698,rf_full,0.549,,,,,,,,,,0.7471430656536389,0.06575181361951501,0.5685918368415507,0.9990181189375,1.0,0.9986670276974094,0.9993330693486617,0.9999999999882805,0.9986670276974094
gotham,device,all,intervendb_stability_selector,observed,2831.2069391086698,protocol_core_rf,0.5196,,,,,,,,,,0.0,0.0,0.09879917031869298,0.99999445960529,0.9999941499892611,0.999998328561376,0.9999962392709534,0.999999947931983,1.0000041785965599
gotham,device,all,intervendb_stability_selector,low_sampling,2831.2069391086698,protocol_core_rf,0.5196,,,,,,,,,,0.0,0.0,0.09879917031869298,0.99999445960529,0.9999941499892611,0.999998328561376,0.9999962392709534,0.9999999479319829,1.0000041785965599
gotham,device,all,intervendb_stability_selector,congested_link,2831.2069391086698,protocol_core_rf,0.5196,,,,,,,,,,0.0,0.0,0.09879917031869298,0.99999445960529,0.9999941499892611,0.999998328561376,0.9999962392709534,0.999999947931983,1.0000041785965599
gotham,device,all,intervendb_stability_selector,high_background,2831.2069391086698,protocol_core_rf,0.5196,,,,,,,,,,0.0,0.0,0.09879917031869298,0.99999445960529,0.9999941499892611,0.999998328561376,0.9999962392709534,0.999999947931983,1.0000041785965599
gotham,device,all,intervendb_stability_selector,delayed_collector,2831.2069391086698,protocol_core_rf,0.5196,,,,,,,,,,0.0,0.0,0.09879917031869298,0.99999445960529,0.9999941499892611,0.999998328561376,0.9999962392709534,0.9999999479319828,1.0000041785965599
gotham,device,all,intervendb_shift_guard_selector,observed,2831.2069391086698,rf_full,0.549,,,,,,,,,,0.7471430656536389,0.06575181361951501,0.5685918368415507,0.9425553408481605,1.0,0.9220148524036124,0.9594253147945959,1.0,0.9220148524036124
gotham,device,all,intervendb_shift_guard_selector,low_sampling,2831.2069391086698,rf_full,0.549,,,,,,,,,,0.7471430656536389,0.06575181361951501,0.5685918368415507,0.8648913190017686,1.0,0.8165805040056027,0.8990303509313499,0.9999960077072078,0.8165805040056027
gotham,device,all,intervendb_shift_guard_selector,congested_link,2831.2069391086698,rf_full,0.549,,,,,,,,,,0.7471430656536389,0.06575181361951501,0.5685918368415507,0.8921408269839384,1.0,0.8535736193499106,0.921003202073277,0.9999999750236811,0.8535736193499106
gotham,device,all,intervendb_shift_guard_selector,high_background,2831.2069391086698,rf_full,0.549,,,,,,,,,,0.7471430656536389,0.06575181361951501,0.5685918368415507,0.7637304831901347,1.0,0.679247585189048,0.8089903968658427,0.9999971164061419,0.679247585189048
gotham,device,all,intervendb_shift_guard_selector,delayed_collector,2831.2069391086698,rf_full,0.549,,,,,,,,,,0.7471430656536389,0.06575181361951501,0.5685918368415507,0.9990181189375,1.0,0.9986670276974094,0.9993330693486617,0.9999999999882805,0.9986670276974094
gotham,device,all,intervendb_pareto_selector,observed,2831.2069391086698,protocol_core_rf,0.5196,,,,,,,,,,0.0,0.0,0.09879917031869298,0.99999445960529,0.9999941499892611,0.999998328561376,0.9999962392709534,0.999999947931983,1.0000041785965599
gotham,device,all,intervendb_pareto_selector,low_sampling,2831.2069391086698,protocol_core_rf,0.5196,,,,,,,,,,0.0,0.0,0.09879917031869298,0.99999445960529,0.9999941499892611,0.999998328561376,0.9999962392709534,0.9999999479319829,1.0000041785965599
gotham,device,all,intervendb_pareto_selector,congested_link,2831.2069391086698,protocol_core_rf,0.5196,,,,,,,,,,0.0,0.0,0.09879917031869298,0.99999445960529,0.9999941499892611,0.999998328561376,0.9999962392709534,0.999999947931983,1.0000041785965599
gotham,device,all,intervendb_pareto_selector,high_background,2831.2069391086698,protocol_core_rf,0.5196,,,,,,,,,,0.0,0.0,0.09879917031869298,0.99999445960529,0.9999941499892611,0.999998328561376,0.9999962392709534,0.999999947931983,1.0000041785965599
gotham,device,all,intervendb_pareto_selector,delayed_collector,2831.2069391086698,protocol_core_rf,0.5196,,,,,,,,,,0.0,0.0,0.09879917031869298,0.99999445960529,0.9999941499892611,0.999998328561376,0.9999962392709534,0.9999999479319828,1.0000041785965599
gotham,device,all,intervendb_tail_guard_ensemble,observed,2831.2069391086698,protocol_core_rf+iforest_env_sensitive,0.5196,0.5,,,,,,,,,0.07040331437595927,0.0003912416117768884,0.054398530282379974,0.9655190457224151,0.9552829107143143,1.0,0.9771301180813013,0.9999789197084815,1.0468103101020079
gotham,device,all,intervendb_tail_guard_ensemble,low_sampling,2831.2069391086698,protocol_core_rf+iforest_env_sensitive,0.5196,0.5,,,,,,,,,0.07040331437595927,0.0003912416117768884,0.054398530282379974,0.9715075968045466,0.9627600256827409,1.0,0.9810267308127466,0.9999991026573293,1.0386804326351735
gotham,device,all,intervendb_tail_guard_ensemble,congested_link,2831.2069391086698,protocol_core_rf+iforest_env_sensitive,0.5196,0.5,,,,,,,,,0.07040331437595927,0.0003912416117768884,0.054398530282379974,0.9639929747795076,0.9533960392489632,1.0,0.9761420829086175,0.9999796632623054,1.0488820582763791
gotham,device,all,intervendb_tail_guard_ensemble,high_background,2831.2069391086698,protocol_core_rf+iforest_env_sensitive,0.5196,0.5,,,,,,,,,0.07040331437595927,0.0003912416117768884,0.054398530282379974,0.9765247320141859,0.9691149648337907,1.0,0.9843152707090334,0.9999940792509916,1.0318693202426261
gotham,device,all,intervendb_tail_guard_ensemble,delayed_collector,2831.2069391086698,protocol_core_rf+iforest_env_sensitive,0.5196,0.5,,,,,,,,,0.07040331437595927,0.0003912416117768884,0.054398530282379974,0.9716522626664196,0.9629420990920013,1.0,0.9811212460494171,0.9999702575364792,1.0384840385968608
gotham,device,all,intervendb_conformal_tail_guard,observed,2831.2069391086698,protocol_core_rf+conformal_iforest_env_sensitive,0.5196,0.995,,,,,,,,,0.3827835055543558,0.0010604527805813209,0.15263668617798593,0.9993714730001175,0.9991491252021767,0.999998328561376,0.999573546518306,0.9957739150891274,1.0008499265402724
gotham,device,all,intervendb_conformal_tail_guard,low_sampling,2831.2069391086698,protocol_core_rf+conformal_iforest_env_sensitive,0.5196,0.995,,,,,,,,,0.3827835055543558,0.0010604527805813209,0.15263668617798593,0.9998891921057994,0.9998512638395655,0.999998328561376,0.999924790793056,0.9990794330738141,1.0001470865989066
gotham,device,all,intervendb_conformal_tail_guard,congested_link,2831.2069391086698,protocol_core_rf+conformal_iforest_env_sensitive,0.5196,0.995,,,,,,,,,0.3827835055543558,0.0010604527805813209,0.15263668617798593,0.9993720885995298,0.9991499595019998,0.999998328561376,0.9995739640225147,0.9956105252463807,1.0008490908209604
gotham,device,all,intervendb_conformal_tail_guard,high_background,2831.2069391086698,protocol_core_rf+conformal_iforest_env_sensitive,0.5196,0.995,,,,,,,,,0.3827835055543558,0.0010604527805813209,0.15263668617798593,0.9994034841695533,0.999192510640572,0.999998328561376,0.9995952571996393,0.9963364068137082,1.00080646913605
gotham,device,all,intervendb_conformal_tail_guard,delayed_collector,2831.2069391086698,protocol_core_rf+conformal_iforest_env_sensitive,0.5196,0.995,,,,,,,,,0.3827835055543558,0.0010604527805813209,0.15263668617798593,0.9944934632576413,0.992581593758684,0.999998328561376,0.9962761579608416,0.9837089173400065,1.0074721663683148
gotham,device,all,intervendb_gated_conformal_tail_guard,observed,2831.2069391086698,protocol_core_rf+gated_conformal_iforest_env_sensitive,0.5196,0.5,0.001,,,,,,,,0.3827835055543558,0.0444739297447733,0.15263668617798593,0.8556407066342533,0.8361358865636765,1.0,0.9107559987060682,0.9957739150891274,1.1959778500953555
gotham,device,all,intervendb_gated_conformal_tail_guard,low_sampling,2831.2069391086698,protocol_core_rf+gated_conformal_iforest_env_sensitive,0.5196,0.5,0.001,,,,,,,,0.3827835055543558,0.0444739297447733,0.15263668617798593,0.7366133290815934,0.736612518375699,1.0,0.8483326137308659,0.9990794330738141,1.3575658505031867
gotham,device,all,intervendb_gated_conformal_tail_guard,congested_link,2831.2069391086698,protocol_core_rf+gated_conformal_iforest_env_sensitive,0.5196,0.5,0.001,,,,,,,,0.3827835055543558,0.0444739297447733,0.15263668617798593,0.8349941179476161,0.8169887649655371,1.0,0.8992777288648044,0.9956105252463807,1.224007040099484
gotham,device,all,intervendb_gated_conformal_tail_guard,high_background,2831.2069391086698,protocol_core_rf+gated_conformal_iforest_env_sensitive,0.5196,0.5,0.001,,,,,,,,0.3827835055543558,0.0444739297447733,0.15263668617798593,0.8670822373098798,0.8471380328356307,1.0,0.9172438851634149,0.9963364068137082,1.1804451709630996
gotham,device,all,intervendb_gated_conformal_tail_guard,delayed_collector,2831.2069391086698,protocol_core_rf+gated_conformal_iforest_env_sensitive,0.5196,0.5,0.001,,,,,,,,0.3827835055543558,0.0444739297447733,0.15263668617798593,0.7366102510845323,0.7366102510845323,1.0,0.8483311101319493,0.9837089173400065,1.3575700290997463
gotham,device,all,intervendb_openworld_selector,observed,2831.2069391086698,openworld:protocol_core_rf,0.5196,,,,,,,,,,0.0,0.0,0.09879917031869298,0.99999445960529,0.9999941499892611,0.999998328561376,0.9999962392709534,0.999999947931983,1.0000041785965599
gotham,device,all,intervendb_openworld_selector,low_sampling,2831.2069391086698,openworld:protocol_core_rf,0.5196,,,,,,,,,,0.0,0.0,0.09879917031869298,0.99999445960529,0.9999941499892611,0.999998328561376,0.9999962392709534,0.9999999479319829,1.0000041785965599
gotham,device,all,intervendb_openworld_selector,congested_link,2831.2069391086698,openworld:protocol_core_rf,0.5196,,,,,,,,,,0.0,0.0,0.09879917031869298,0.99999445960529,0.9999941499892611,0.999998328561376,0.9999962392709534,0.999999947931983,1.0000041785965599
gotham,device,all,intervendb_openworld_selector,high_background,2831.2069391086698,openworld:protocol_core_rf,0.5196,,,,,,,,,,0.0,0.0,0.09879917031869298,0.99999445960529,0.9999941499892611,0.999998328561376,0.9999962392709534,0.999999947931983,1.0000041785965599
gotham,device,all,intervendb_openworld_selector,delayed_collector,2831.2069391086698,openworld:protocol_core_rf,0.5196,,,,,,,,,,0.0,0.0,0.09879917031869298,0.99999445960529,0.9999941499892611,0.999998328561376,0.9999962392709534,0.9999999479319828,1.0000041785965599
gotham,device,all,intervendb_coverage_openworld_selector,observed,2831.2069391086698,coverage:protocol_core_rf,0.5196,,,0.7366133290815934,0.7249121359855096,,,,,,0.0,0.0,0.09879917031869298,0.99999445960529,0.9999941499892611,0.999998328561376,0.9999962392709534,0.999999947931983,1.0000041785965599
gotham,device,all,intervendb_coverage_openworld_selector,low_sampling,2831.2069391086698,coverage:protocol_core_rf,0.5196,,,0.7366133290815934,0.7249121359855096,,,,,,0.0,0.0,0.09879917031869298,0.99999445960529,0.9999941499892611,0.999998328561376,0.9999962392709534,0.9999999479319829,1.0000041785965599
gotham,device,all,intervendb_coverage_openworld_selector,congested_link,2831.2069391086698,coverage:protocol_core_rf,0.5196,,,0.7366133290815934,0.7249121359855096,,,,,,0.0,0.0,0.09879917031869298,0.99999445960529,0.9999941499892611,0.999998328561376,0.9999962392709534,0.999999947931983,1.0000041785965599
gotham,device,all,intervendb_coverage_openworld_selector,high_background,2831.2069391086698,coverage:protocol_core_rf,0.5196,,,0.7366133290815934,0.7249121359855096,,,,,,0.0,0.0,0.09879917031869298,0.99999445960529,0.9999941499892611,0.999998328561376,0.9999962392709534,0.999999947931983,1.0000041785965599
gotham,device,all,intervendb_coverage_openworld_selector,delayed_collector,2831.2069391086698,coverage:protocol_core_rf,0.5196,,,0.7366133290815934,0.7249121359855096,,,,,,0.0,0.0,0.09879917031869298,0.99999445960529,0.9999941499892611,0.999998328561376,0.9999962392709534,0.9999999479319828,1.0000041785965599
gotham,device,all,intervendb_coverage_lift_openworld_selector,observed,2831.2069391086698,coverage_lift:protocol_core_rf,0.5196,,,0.7366133290815934,0.7249121359855096,0.0,0.880969544450279,0.1443562153686856,0.03,0.6886665291862342,0.0,0.0,0.09879917031869298,0.99999445960529,0.9999941499892611,0.999998328561376,0.9999962392709534,0.999999947931983,1.0000041785965599
gotham,device,all,intervendb_coverage_lift_openworld_selector,low_sampling,2831.2069391086698,coverage_lift:protocol_core_rf,0.5196,,,0.7366133290815934,0.7249121359855096,0.0,0.880969544450279,0.1443562153686856,0.03,0.6886665291862342,0.0,0.0,0.09879917031869298,0.99999445960529,0.9999941499892611,0.999998328561376,0.9999962392709534,0.9999999479319829,1.0000041785965599
gotham,device,all,intervendb_coverage_lift_openworld_selector,congested_link,2831.2069391086698,coverage_lift:protocol_core_rf,0.5196,,,0.7366133290815934,0.7249121359855096,0.0,0.880969544450279,0.1443562153686856,0.03,0.6886665291862342,0.0,0.0,0.09879917031869298,0.99999445960529,0.9999941499892611,0.999998328561376,0.9999962392709534,0.999999947931983,1.0000041785965599
gotham,device,all,intervendb_coverage_lift_openworld_selector,high_background,2831.2069391086698,coverage_lift:protocol_core_rf,0.5196,,,0.7366133290815934,0.7249121359855096,0.0,0.880969544450279,0.1443562153686856,0.03,0.6886665291862342,0.0,0.0,0.09879917031869298,0.99999445960529,0.9999941499892611,0.999998328561376,0.9999962392709534,0.999999947931983,1.0000041785965599
gotham,device,all,intervendb_coverage_lift_openworld_selector,delayed_collector,2831.2069391086698,coverage_lift:protocol_core_rf,0.5196,,,0.7366133290815934,0.7249121359855096,0.0,0.880969544450279,0.1443562153686856,0.03,0.6886665291862342,0.0,0.0,0.09879917031869298,0.99999445960529,0.9999941499892611,0.999998328561376,0.9999962392709534,0.9999999479319828,1.0000041785965599
gotham,device,all,intervendb_adaptive_openworld_selector,observed,2831.2069391086698,adaptive:gated_conformal_iforest_env_sensitive,0.549,0.5,0.001,0.6791655919326928,0.7249121359855096,0.04574654405281686,0.8809689288508668,0.20180333691817398,0.03,0.6886665291862342,0.6877426733208903,0.044474218427062534,0.8116402029722456,0.8556413222336655,0.8361364708348619,1.0,0.9107563453109605,0.9656270626771095,1.1959770143760435
gotham,device,all,intervendb_adaptive_openworld_selector,low_sampling,2831.2069391086698,adaptive:gated_conformal_iforest_env_sensitive,0.549,0.5,0.001,0.6791655919326928,0.7249121359855096,0.04574654405281686,0.8809689288508668,0.20180333691817398,0.03,0.6886665291862342,0.6877426733208903,0.044474218427062534,0.8116402029722456,0.7366133290815934,0.736612518375699,1.0,0.8483326137308659,0.9461205273719488,1.3575658505031867
gotham,device,all,intervendb_adaptive_openworld_selector,congested_link,2831.2069391086698,adaptive:gated_conformal_iforest_env_sensitive,0.549,0.5,0.001,0.6791655919326928,0.7249121359855096,0.04574654405281686,0.8809689288508668,0.20180333691817398,0.03,0.6886665291862342,0.6877426733208903,0.044474218427062534,0.8116402029722456,0.8349947335470284,0.8169893227840236,1.0,0.8992780667882164,0.9647993228048651,1.224006204380172
gotham,device,all,intervendb_adaptive_openworld_selector,high_background,2831.2069391086698,adaptive:gated_conformal_iforest_env_sensitive,0.549,0.5,0.001,0.6791655919326928,0.7249121359855096,0.04574654405281686,0.8809689288508668,0.20180333691817398,0.03,0.6886665291862342,0.6877426733208903,0.044474218427062534,0.8116402029722456,0.867082852909292,0.8471386325840413,1.0,0.9172442367240653,0.861320932939937,1.1804443352437877
gotham,device,all,intervendb_adaptive_openworld_selector,delayed_collector,2831.2069391086698,adaptive:gated_conformal_iforest_env_sensitive,0.549,0.5,0.001,0.6791655919326928,0.7249121359855096,0.04574654405281686,0.8809689288508668,0.20180333691817398,0.03,0.6886665291862342,0.6877426733208903,0.044474218427062534,0.8116402029722456,0.7366102510845323,0.7366102510845323,1.0,0.8483311101319493,0.9657136101049395,1.3575700290997463
gotham,device,all,intervendb_counterfactual_ensemble,congested_link,2831.2069391086698,weighted_pool,0.6567999999999999,,,,,,,,,,0.5966342316980973,2.868231989024516e-07,0.36923239174836675,0.9999950752047022,0.9999974928378735,0.9999958214034401,0.9999966571199584,0.9999999525358136,0.999998328561376
gotham,device,all,intervendb_counterfactual_ensemble,delayed_collector,2831.2069391086698,weighted_pool,0.6567999999999999,,,,,,,,,,0.5966342316980973,2.868231989024516e-07,0.36923239174836675,0.99999445960529,0.9999966571199584,0.9999958214034401,0.9999962392615247,0.9999987102378913,0.999999164280688
gotham,device,all,intervendb_counterfactual_ensemble,high_background,2831.2069391086698,weighted_pool,0.6567999999999999,,,,,,,,,,0.5966342316980973,2.868231989024516e-07,0.36923239174836675,0.9999950752047022,0.9999974928378735,0.9999958214034401,0.9999966571199584,0.9999996706376123,0.999998328561376
gotham,device,all,intervendb_counterfactual_ensemble,low_sampling,2831.2069391086698,weighted_pool,0.6567999999999999,,,,,,,,,,0.5966342316980973,2.868231989024516e-07,0.36923239174836675,0.9999950752047022,0.9999974928378735,0.9999958214034401,0.9999966571199584,0.9999999523385347,0.999998328561376
gotham,device,all,intervendb_counterfactual_ensemble,observed,2831.2069391086698,weighted_pool,0.6567999999999999,,,,,,,,,,0.5966342316980973,2.868231989024516e-07,0.36923239174836675,0.9999950752047022,0.9999974928378735,0.9999958214034401,0.9999966571199584,0.9999999526920744,0.999998328561376
gotham,device,all,intervendb_env_calibrated_ensemble,congested_link,2831.2069391086698,weighted_pool_env_calibrated,0.6567999999999999,,,,,,,,,,0.5966342316980973,4.774797334700214e-07,0.36923239174836675,0.9999950752047022,0.9999974928378735,0.9999958214034401,0.9999966571199584,0.9999999525358136,0.999998328561376
gotham,device,all,intervendb_env_calibrated_ensemble,delayed_collector,2831.2069391086698,weighted_pool_env_calibrated,0.6567999999999999,,,,,,,,,,0.5966342316980973,4.774797334700214e-07,0.36923239174836675,0.9999932284064655,0.9999933142734412,0.9999974928420641,0.9999954035533876,0.9999987102378913,1.0000041785965599
gotham,device,all,intervendb_env_calibrated_ensemble,high_background,2831.2069391086698,weighted_pool_env_calibrated,0.6567999999999999,,,,,,,,,,0.5966342316980973,4.774797334700214e-07,0.36923239174836675,0.9999950752047022,0.9999974928378735,0.9999958214034401,0.9999966571199584,0.9999996706376123,0.999998328561376
gotham,device,all,intervendb_env_calibrated_ensemble,low_sampling,2831.2069391086698,weighted_pool_env_calibrated,0.6567999999999999,,,,,,,,,,0.5966342316980973,4.774797334700214e-07,0.36923239174836675,0.9999950752047022,0.9999974928378735,0.9999958214034401,0.9999966571199584,0.9999999523385347,0.999998328561376
gotham,device,all,intervendb_env_calibrated_ensemble,observed,2831.2069391086698,weighted_pool_env_calibrated,0.6567999999999999,,,,,,,,,,0.5966342316980973,4.774797334700214e-07,0.36923239174836675,0.9999950752047022,0.9999974928378735,0.9999958214034401,0.9999966571199584,0.9999999526920744,0.999998328561376


