dataset,split,fold,method,observed_f1,worst_intervention_f1,worst_hidden_drop
uwf,heldout_family,defense_evasion,intervendb_observed_selector,1.0,0.3282051282051282,0.6717948717948719
uwf,heldout_family,initial_access,intervendb_counterfactual_ensemble,1.0,0.7235494880546075,0.2764505119453925
uwf,heldout_family,initial_access,intervendb_env_calibrated_ensemble,0.9910071942446044,0.7235494880546075,0.26745770618999687
uwf,heldout_family,privilege_escalation,intervendb_gated_conformal_tail_guard,0.854521625163827,0.7018299246501615,0.15269170051366554
uwf,random,all,intervendb_gated_conformal_tail_guard,0.8586992660034269,0.7099420645324989,0.14875720147092808
uwf,heldout_family,exfiltration,intervendb_tail_guard_ensemble,0.9019607843137255,0.7666666666666667,0.1352941176470588
uwf,heldout_family,persistence,intervendb_tail_guard_ensemble,0.9702380952380953,0.854521625163827,0.11571647007426833
uwf,heldout_family,reconnaissance,intervendb_tail_guard_ensemble,0.5115185707569346,0.40197422539073213,0.1095443453662025
uwf,random,all,intervendb_tail_guard_ensemble,0.9540001137203616,0.8621114821474442,0.09188863157291749
uwf,time,within_family_chronological,intervendb_tail_guard_ensemble,0.94582252790619,0.8668991347023116,0.07892339320387842
uwf,heldout_family,privilege_escalation,intervendb_tail_guard_ensemble,0.9560117302052786,0.8787061994609164,0.0773055307443622
uwf,heldout_family,defense_evasion,intervendb_tail_guard_ensemble,0.9394812680115274,0.8704939919893191,0.06898727602220833
uwf,source_ip,within_family_source_ip,intervendb_tail_guard_ensemble,0.9793570866047778,0.9159212082004149,0.06343587840436293
uwf,heldout_family,credential_access,intervendb_tail_guard_ensemble,0.9818501963971284,0.938442617645155,0.04340757875197343
uwf,heldout_family,initial_access,intervendb_tail_guard_ensemble,0.9548936170212766,0.9129373474369407,0.04195626958433596
uwf,heldout_family,reconnaissance,intervendb_counterfactual_ensemble,0.24969915764139594,0.23910411622276032,0.010595041418635626
uwf,time,within_family_chronological,intervendb_env_calibrated_ensemble,0.995906502135738,0.9920198616776025,0.0038866404581354708
uwf,heldout_family,reconnaissance,intervendb_gated_conformal_tail_guard,0.9646824738849279,0.9611762762266645,0.0035061976582634324
uwf,heldout_family,reconnaissance,intervendb_coverage_openworld_selector,0.9646824738849279,0.9611762762266645,0.0035061976582634324
uwf,heldout_family,reconnaissance,intervendb_coverage_lift_openworld_selector,0.9646824738849279,0.9611762762266645,0.0035061976582634324
uwf,heldout_family,reconnaissance,intervendb_adaptive_openworld_selector,0.9646824738849279,0.9611762762266645,0.0035061976582634324
uwf,heldout_family,defense_evasion,intervendb_conformal_tail_guard,0.9923896499238966,0.9893778452200305,0.0030118047038660833
uwf,heldout_family,persistence,intervendb_gated_conformal_tail_guard,0.973134328358209,0.9702380952380953,0.002896233120113667
uwf,time,within_family_chronological,intervendb_counterfactual_ensemble,0.9972063718497385,0.9943111111111111,0.0028952607386273366
uwf,heldout_family,reconnaissance,intervendb_env_calibrated_ensemble,0.24969915764139594,0.2475903614457831,0.0021087961956128276
uwf,heldout_family,persistence,intervendb_conformal_tail_guard,0.9969418960244648,0.9954198473282443,0.0015220486962205237
uwf,heldout_family,privilege_escalation,intervendb_conformal_tail_guard,0.9939024390243903,0.9923896499238966,0.0015127891004937943
uwf,heldout_family,reconnaissance,intervendb_conformal_tail_guard,0.40120415982484947,0.39989088925259136,0.0013132705722581073
uwf,source_ip,within_family_source_ip,intervendb_counterfactual_ensemble,0.9974468085106383,0.9962262313441921,0.0012205771664461906
uwf,random,all,intervendb_counterfactual_ensemble,0.9975326258212194,0.996969516905342,0.0005631089158774083
uwf,source_ip,within_family_source_ip,intervendb_conformal_tail_guard,0.9917327402823438,0.9912295537461645,0.000503186536179312
uwf,random,all,intervendb_conformal_tail_guard,0.990641513890119,0.9902906890954699,0.0003508247946490961
uwf,source_ip,within_family_source_ip,intervendb_env_calibrated_ensemble,0.9976491117520176,0.9974479255280363,0.00020118622398135333
uwf,heldout_family,credential_access,intervendb_counterfactual_ensemble,0.9991844611125787,0.9990238076097068,0.00016065350287197688
uwf,random,all,intervendb_env_calibrated_ensemble,0.9955819125277984,0.9954909522396914,9.0960288106956e-05
uwf,source_ip,within_family_source_ip,intervendb_gated_conformal_tail_guard,0.9800719030499274,0.9800252362926457,4.6666757281710325e-05
uwf,heldout_family,credential_access,intervendb_conformal_tail_guard,0.9949786679172338,0.9949559070788869,2.2760838346846946e-05
uwf,heldout_family,defense_evasion,intervendb_minimax_selector,1.0,1.0,0.0
uwf,heldout_family,defense_evasion,intervendb_stability_selector,1.0,1.0,0.0
uwf,heldout_family,defense_evasion,intervendb_shift_guard_selector,1.0,1.0,0.0
uwf,heldout_family,defense_evasion,intervendb_pareto_selector,1.0,1.0,0.0
uwf,heldout_family,defense_evasion,intervendb_openworld_selector,1.0,1.0,0.0
uwf,heldout_family,defense_evasion,intervendb_coverage_openworld_selector,1.0,1.0,0.0
uwf,heldout_family,defense_evasion,intervendb_coverage_lift_openworld_selector,1.0,1.0,0.0
uwf,heldout_family,defense_evasion,intervendb_adaptive_openworld_selector,1.0,1.0,0.0
uwf,heldout_family,defense_evasion,intervendb_counterfactual_ensemble,1.0,1.0,0.0
uwf,heldout_family,defense_evasion,intervendb_env_calibrated_ensemble,1.0,1.0,0.0
uwf,heldout_family,exfiltration,intervendb_observed_selector,1.0,1.0,0.0
uwf,heldout_family,exfiltration,intervendb_minimax_selector,1.0,1.0,0.0
uwf,heldout_family,exfiltration,intervendb_stability_selector,1.0,1.0,0.0
uwf,heldout_family,exfiltration,intervendb_shift_guard_selector,1.0,1.0,0.0
uwf,heldout_family,exfiltration,intervendb_pareto_selector,1.0,1.0,0.0
uwf,heldout_family,exfiltration,intervendb_openworld_selector,1.0,1.0,0.0
uwf,heldout_family,exfiltration,intervendb_coverage_lift_openworld_selector,1.0,1.0,0.0
uwf,heldout_family,exfiltration,intervendb_adaptive_openworld_selector,1.0,1.0,0.0
uwf,heldout_family,exfiltration,intervendb_counterfactual_ensemble,1.0,1.0,0.0
uwf,heldout_family,exfiltration,intervendb_env_calibrated_ensemble,1.0,1.0,0.0
uwf,heldout_family,initial_access,intervendb_minimax_selector,1.0,1.0,0.0
uwf,heldout_family,initial_access,intervendb_stability_selector,1.0,1.0,0.0
uwf,heldout_family,initial_access,intervendb_shift_guard_selector,1.0,1.0,0.0
uwf,heldout_family,initial_access,intervendb_pareto_selector,1.0,1.0,0.0
uwf,heldout_family,initial_access,intervendb_openworld_selector,1.0,1.0,0.0
uwf,heldout_family,initial_access,intervendb_coverage_openworld_selector,1.0,1.0,0.0
uwf,heldout_family,initial_access,intervendb_coverage_lift_openworld_selector,1.0,1.0,0.0
uwf,heldout_family,initial_access,intervendb_adaptive_openworld_selector,1.0,1.0,0.0
uwf,heldout_family,credential_access,intervendb_observed_selector,0.9990582290111404,0.9990582290111404,0.0
uwf,heldout_family,credential_access,intervendb_env_calibrated_ensemble,0.9990123343363116,0.9990123343363116,0.0
uwf,heldout_family,credential_access,intervendb_minimax_selector,0.9986797240049138,0.9986797240049138,0.0
uwf,heldout_family,credential_access,intervendb_stability_selector,0.9986797240049138,0.9986797240049138,0.0
uwf,heldout_family,credential_access,intervendb_shift_guard_selector,0.9986797240049138,0.9986797240049138,0.0
uwf,heldout_family,credential_access,intervendb_pareto_selector,0.9986797240049138,0.9986797240049138,0.0
uwf,heldout_family,credential_access,intervendb_openworld_selector,0.9986797240049138,0.9986797240049138,0.0
uwf,heldout_family,credential_access,intervendb_coverage_openworld_selector,0.9986797240049138,0.9986797240049138,0.0
uwf,heldout_family,credential_access,intervendb_coverage_lift_openworld_selector,0.9986797240049138,0.9986797240049138,0.0
uwf,heldout_family,credential_access,intervendb_adaptive_openworld_selector,0.9986797240049138,0.9986797240049138,0.0
uwf,heldout_family,persistence,intervendb_observed_selector,0.9984686064318529,0.9984686064318529,0.0
uwf,heldout_family,persistence,intervendb_minimax_selector,0.9984686064318529,0.9984686064318529,0.0
uwf,heldout_family,persistence,intervendb_stability_selector,0.9984686064318529,0.9984686064318529,0.0
uwf,heldout_family,persistence,intervendb_shift_guard_selector,0.9984686064318529,0.9984686064318529,0.0
uwf,heldout_family,persistence,intervendb_pareto_selector,0.9984686064318529,0.9984686064318529,0.0
uwf,heldout_family,persistence,intervendb_openworld_selector,0.9984686064318529,0.9984686064318529,0.0
uwf,heldout_family,persistence,intervendb_coverage_openworld_selector,0.9984686064318529,0.9984686064318529,0.0
uwf,heldout_family,persistence,intervendb_coverage_lift_openworld_selector,0.9984686064318529,0.9984686064318529,0.0
uwf,heldout_family,persistence,intervendb_adaptive_openworld_selector,0.9984686064318529,0.9984686064318529,0.0
uwf,heldout_family,persistence,intervendb_counterfactual_ensemble,0.9984686064318529,0.9984686064318529,0.0
uwf,heldout_family,persistence,intervendb_env_calibrated_ensemble,0.9984686064318529,0.9984686064318529,0.0
uwf,time,within_family_chronological,intervendb_observed_selector,0.9960518894529047,0.9960518894529047,0.0
uwf,time,within_family_chronological,intervendb_minimax_selector,0.9960518894529047,0.9960518894529047,0.0
uwf,time,within_family_chronological,intervendb_stability_selector,0.9960518894529047,0.9960518894529047,0.0
uwf,time,within_family_chronological,intervendb_shift_guard_selector,0.9960518894529047,0.9960518894529047,0.0
uwf,time,within_family_chronological,intervendb_pareto_selector,0.9960518894529047,0.9960518894529047,0.0
uwf,time,within_family_chronological,intervendb_openworld_selector,0.9960518894529047,0.9960518894529047,0.0
uwf,time,within_family_chronological,intervendb_coverage_openworld_selector,0.9960518894529047,0.9960518894529047,0.0
uwf,time,within_family_chronological,intervendb_coverage_lift_openworld_selector,0.9960518894529047,0.9960518894529047,0.0
uwf,time,within_family_chronological,intervendb_adaptive_openworld_selector,0.9960518894529047,0.9960518894529047,0.0
uwf,source_ip,within_family_source_ip,intervendb_observed_selector,0.9959942705930908,0.9959942705930908,0.0
uwf,source_ip,within_family_source_ip,intervendb_minimax_selector,0.9959942705930908,0.9959942705930908,0.0
uwf,source_ip,within_family_source_ip,intervendb_stability_selector,0.9959942705930908,0.9959942705930908,0.0
uwf,source_ip,within_family_source_ip,intervendb_shift_guard_selector,0.9959942705930908,0.9959942705930908,0.0
uwf,source_ip,within_family_source_ip,intervendb_pareto_selector,0.9959942705930908,0.9959942705930908,0.0
uwf,source_ip,within_family_source_ip,intervendb_openworld_selector,0.9959942705930908,0.9959942705930908,0.0
uwf,source_ip,within_family_source_ip,intervendb_coverage_openworld_selector,0.9959942705930908,0.9959942705930908,0.0
uwf,source_ip,within_family_source_ip,intervendb_coverage_lift_openworld_selector,0.9959942705930908,0.9959942705930908,0.0
uwf,source_ip,within_family_source_ip,intervendb_adaptive_openworld_selector,0.9959942705930908,0.9959942705930908,0.0
uwf,random,all,intervendb_observed_selector,0.9954906847039279,0.9954906847039279,0.0
uwf,random,all,intervendb_minimax_selector,0.9954906847039279,0.9954906847039279,0.0
uwf,random,all,intervendb_stability_selector,0.9954906847039279,0.9954906847039279,0.0
uwf,random,all,intervendb_shift_guard_selector,0.9954906847039279,0.9954906847039279,0.0
uwf,random,all,intervendb_pareto_selector,0.9954906847039279,0.9954906847039279,0.0
uwf,random,all,intervendb_openworld_selector,0.9954906847039279,0.9954906847039279,0.0
uwf,random,all,intervendb_coverage_openworld_selector,0.9954906847039279,0.9954906847039279,0.0
uwf,random,all,intervendb_coverage_lift_openworld_selector,0.9954906847039279,0.9954906847039279,0.0
uwf,random,all,intervendb_adaptive_openworld_selector,0.9954906847039279,0.9954906847039279,0.0
uwf,heldout_family,initial_access,intervendb_conformal_tail_guard,0.9946808510638299,0.9946808510638299,0.0
uwf,heldout_family,privilege_escalation,intervendb_observed_selector,0.9939024390243903,0.9939024390243903,0.0
uwf,heldout_family,privilege_escalation,intervendb_minimax_selector,0.9939024390243903,0.9939024390243903,0.0
uwf,heldout_family,privilege_escalation,intervendb_stability_selector,0.9939024390243903,0.9939024390243903,0.0
uwf,heldout_family,privilege_escalation,intervendb_shift_guard_selector,0.9939024390243903,0.9939024390243903,0.0
uwf,heldout_family,privilege_escalation,intervendb_pareto_selector,0.9939024390243903,0.9939024390243903,0.0
uwf,heldout_family,privilege_escalation,intervendb_openworld_selector,0.9939024390243903,0.9939024390243903,0.0
uwf,heldout_family,privilege_escalation,intervendb_coverage_openworld_selector,0.9939024390243903,0.9939024390243903,0.0
uwf,heldout_family,privilege_escalation,intervendb_coverage_lift_openworld_selector,0.9939024390243903,0.9939024390243903,0.0
uwf,heldout_family,privilege_escalation,intervendb_adaptive_openworld_selector,0.9939024390243903,0.9939024390243903,0.0
uwf,heldout_family,privilege_escalation,intervendb_counterfactual_ensemble,0.9939024390243903,0.9939024390243903,0.0
uwf,heldout_family,privilege_escalation,intervendb_env_calibrated_ensemble,0.9939024390243903,0.9939024390243903,0.0
uwf,time,within_family_chronological,intervendb_conformal_tail_guard,0.9901440037771483,0.9901440037771483,0.0
uwf,heldout_family,credential_access,intervendb_gated_conformal_tail_guard,0.9808095613936182,0.9808095613936182,0.0
uwf,heldout_family,exfiltration,intervendb_conformal_tail_guard,0.9787234042553191,0.9787234042553191,0.0
uwf,heldout_family,initial_access,intervendb_gated_conformal_tail_guard,0.9664082687338501,0.9664082687338501,0.0
uwf,time,within_family_chronological,intervendb_gated_conformal_tail_guard,0.9662694986473264,0.9662694986473264,0.0
uwf,heldout_family,defense_evasion,intervendb_gated_conformal_tail_guard,0.965925925925926,0.965925925925926,0.0
uwf,heldout_family,exfiltration,intervendb_gated_conformal_tail_guard,0.9583333333333334,0.9583333333333334,0.0
uwf,heldout_family,exfiltration,intervendb_coverage_openworld_selector,0.9583333333333334,0.9583333333333334,0.0
uwf,heldout_family,initial_access,intervendb_observed_selector,0.8891089108910892,0.8891089108910892,0.0
uwf,heldout_family,reconnaissance,intervendb_observed_selector,0.4025260845689181,0.4025260845689181,0.0
uwf,heldout_family,reconnaissance,intervendb_minimax_selector,0.4025260845689181,0.4025260845689181,0.0
uwf,heldout_family,reconnaissance,intervendb_stability_selector,0.4025260845689181,0.4025260845689181,0.0
uwf,heldout_family,reconnaissance,intervendb_shift_guard_selector,0.4025260845689181,0.4025260845689181,0.0
uwf,heldout_family,reconnaissance,intervendb_pareto_selector,0.4025260845689181,0.4025260845689181,0.0
uwf,heldout_family,reconnaissance,intervendb_openworld_selector,0.4025260845689181,0.4025260845689181,0.0


