detector,detector_family,feature_profile,observed_f1_mean,worst_intervention_f1_mean,hidden_drop_mean,hidden_drop_max,policy,base_detector
cat_full__oracle_env_upper_bound,catboost,full,0.9615054981015728,0.9584047708786348,0.0031007272229382,0.0257399389844928,oracle_env_upper_bound,cat_full
rf_full__oracle_env_upper_bound,sklearn_tree,full,0.9632594093744646,0.917278875217588,0.0459805341568765,0.3682188482260242,oracle_env_upper_bound,rf_full
xgb_full__oracle_env_upper_bound,xgboost,full,0.9130100554572989,0.9124474629970332,0.0005625924602656,0.001531393568147,oracle_env_upper_bound,xgb_full
gb_full__oracle_env_upper_bound,sklearn_boosting,full,0.9035884888563744,0.8989879148267075,0.004600574029667,0.0410215948879106,oracle_env_upper_bound,gb_full
cat_full,catboost,full,0.9065954409190952,0.8952990689359727,0.0112963719831226,0.0892068009971344,native_default,cat_full
lgbm_full__oracle_env_upper_bound,lightgbm,full,0.9035037132730044,0.895197266312838,0.0083064469601662,0.0410215948879106,oracle_env_upper_bound,lgbm_full
gb_full,sklearn_boosting,full,0.9013735952037092,0.8940532734966957,0.0073203217070136,0.0410215948879106,native_default,gb_full
xgb_full,xgboost,full,0.9014872190035448,0.8914857479448383,0.0100014710587064,0.0410215948879106,native_default,xgb_full
cat_full__val_observed_f1,catboost,full,0.9572772794792156,0.8737492665671327,0.0835280129120827,0.6675191815856778,val_observed_f1,cat_full
gb_full__val_robust_minimax,sklearn_boosting,full,0.8997766324195242,0.8710238288290606,0.0287528035904635,0.1016322928142463,val_robust_minimax,gb_full
gb_full__val_observed_f1,sklearn_boosting,full,0.9000858012996661,0.8649578598373087,0.0351279414623573,0.1016322928142463,val_observed_f1,gb_full
lgbm_full,lightgbm,full,0.9017577466232714,0.8635100171794473,0.0382477294438241,0.0921273031825795,native_default,lgbm_full
xgb_full__val_observed_f1,xgboost,full,0.9090561001313988,0.8616662825688624,0.0473898175625364,0.3225152129817444,val_observed_f1,xgb_full
xgb_full__val_robust_minimax,xgboost,full,0.9076748901513132,0.8565511709792712,0.051123719172042,0.3225152129817444,val_robust_minimax,xgb_full
cat_full__val_robust_minimax,catboost,full,0.9124498934212854,0.8448332113449644,0.0676166820763211,0.5598086124401913,val_robust_minimax,cat_full
iforest_env_sensitive__oracle_env_upper_bound,sklearn_anomaly,env_sensitive,0.9323001503770652,0.8324341780431823,0.0998659723338828,0.2001567388050593,oracle_env_upper_bound,iforest_env_sensitive
lgbm_full__val_robust_minimax,lightgbm,full,0.8999615138500701,0.8167731217887111,0.0831883920613589,0.7157894736842105,val_robust_minimax,lgbm_full
lr_full__oracle_env_upper_bound,sklearn_linear,full,0.9534221682680196,0.8032041587227395,0.1502180095452802,0.2920110886374488,oracle_env_upper_bound,lr_full
lgbm_full__val_observed_f1,lightgbm,full,0.8982866245301071,0.7939422372921757,0.1043443872379315,0.6847545219638242,val_observed_f1,lgbm_full
pyod_copod_env_sensitive__oracle_env_upper_bound,pyod_copod,env_sensitive,0.8755524407591443,0.7742782449557064,0.1012741958034379,0.1921485411140583,oracle_env_upper_bound,pyod_copod_env_sensitive
rf_full__val_robust_minimax,sklearn_tree,full,0.9122812799497148,0.7615580810848657,0.1507231988648491,0.6717948717948719,val_robust_minimax,rf_full
pyod_ecod_env_sensitive__oracle_env_upper_bound,pyod_ecod,env_sensitive,0.8620973280406004,0.7391083718195908,0.1229889562210095,0.1950906067085682,oracle_env_upper_bound,pyod_ecod_env_sensitive
rf_full,sklearn_tree,full,0.9084165078262176,0.7353290903098092,0.1730874175164087,0.6717948717948719,native_default,rf_full
lr_full,sklearn_linear,full,0.9000481126295835,0.7166166905691104,0.1834314220604731,0.5329839031877865,native_default,lr_full
lr_full__val_observed_f1,sklearn_linear,full,0.8709924163433593,0.6926727427272839,0.1783196736160754,0.2914614594659221,val_observed_f1,lr_full
iforest_env_sensitive,sklearn_anomaly,env_sensitive,0.8592426577370615,0.6629973516522989,0.1962453060847626,0.2824561403508772,native_default,iforest_env_sensitive
rf_full__val_observed_f1,sklearn_tree,full,0.95145983127571,0.6489541462697795,0.3025056850059304,0.5673076923076923,val_observed_f1,rf_full
lr_full__val_robust_minimax,sklearn_linear,full,0.7878047745812227,0.6479393141975265,0.1398654603836962,0.2917946505204519,val_robust_minimax,lr_full
iforest_env_sensitive__val_robust_minimax,sklearn_anomaly,env_sensitive,0.645386719459327,0.5845637427629347,0.0608229766963924,0.1126660696864892,val_robust_minimax,iforest_env_sensitive
iforest_env_sensitive__val_observed_f1,sklearn_anomaly,env_sensitive,0.7428478342718644,0.5546436078099576,0.1882042264619068,0.5857761286332716,val_observed_f1,iforest_env_sensitive
pyod_ecod_env_sensitive__val_observed_f1,pyod_ecod,env_sensitive,0.6932470665503633,0.5506649233275784,0.1425821432227848,0.3403508771929824,val_observed_f1,pyod_ecod_env_sensitive
pyod_copod_env_sensitive__val_robust_minimax,pyod_copod,env_sensitive,0.5895070352504534,0.5466148165411175,0.0428922187093359,0.1274218181548961,val_robust_minimax,pyod_copod_env_sensitive
pyod_ecod_env_sensitive__val_robust_minimax,pyod_ecod,env_sensitive,0.6574169951271834,0.5453802174505842,0.1120367776765992,0.3089115126929199,val_robust_minimax,pyod_ecod_env_sensitive
pyod_copod_env_sensitive__val_observed_f1,pyod_copod,env_sensitive,0.693703244777506,0.5012491233684119,0.192454121409094,0.5158749328377705,val_observed_f1,pyod_copod_env_sensitive
pyod_ecod_env_sensitive,pyod_ecod,env_sensitive,0.5155639850885856,0.4652517555061232,0.0503122295824623,0.4054487179487179,native_default,pyod_ecod_env_sensitive
pyod_copod_env_sensitive,pyod_copod,env_sensitive,0.554609541964386,0.4343522732562547,0.1202572687081312,0.4388028895768834,native_default,pyod_copod_env_sensitive
