dataset,split,fold,detector,detector_family,feature_profile,observed_f1,worst_intervention_f1,worst_hidden_drop
uwf,heldout_family,defense_evasion,lgbm_full__val_robust_minimax,lightgbm,full,1.0,0.28421052631578947,0.7157894736842105
uwf,heldout_family,defense_evasion,lgbm_full__val_observed_f1,lightgbm,full,1.0,0.3152454780361757,0.6847545219638242
uwf,heldout_family,defense_evasion,rf_full__val_robust_minimax,sklearn_tree,full,1.0,0.3282051282051282,0.6717948717948719
uwf,heldout_family,persistence,rf_full,sklearn_tree,full,1.0,0.3282051282051282,0.6717948717948719
uwf,heldout_family,privilege_escalation,rf_full,sklearn_tree,full,0.998468606431853,0.3282051282051282,0.6702634782267247
uwf,heldout_family,defense_evasion,cat_full__val_observed_f1,catboost,full,1.0,0.33248081841432225,0.6675191815856778
uwf,heldout_family,persistence,iforest_env_sensitive__val_observed_f1,sklearn_anomaly,env_sensitive,0.8870748299319728,0.3012987012987013,0.5857761286332716
uwf,heldout_family,defense_evasion,rf_full__val_observed_f1,sklearn_tree,full,1.0,0.4326923076923077,0.5673076923076923
uwf,heldout_family,defense_evasion,cat_full__val_robust_minimax,catboost,full,1.0,0.44019138755980863,0.5598086124401913
uwf,heldout_family,privilege_escalation,iforest_env_sensitive__val_observed_f1,sklearn_anomaly,env_sensitive,0.8728246318607764,0.31876606683804626,0.5540585650227301
uwf,random,all,lr_full,sklearn_linear,full,0.9981553109193693,0.4651714077315828,0.5329839031877865
uwf,heldout_family,persistence,pyod_copod_env_sensitive__val_observed_f1,pyod_copod,env_sensitive,0.8211586901763224,0.30528375733855184,0.5158749328377705
uwf,heldout_family,privilege_escalation,pyod_copod_env_sensitive__val_observed_f1,pyod_copod,env_sensitive,0.806930693069307,0.30947775628626695,0.49745293678304003
uwf,heldout_family,exfiltration,rf_full__val_observed_f1,sklearn_tree,full,1.0,0.5348837209302325,0.4651162790697675
uwf,heldout_family,exfiltration,pyod_copod_env_sensitive,pyod_copod,env_sensitive,0.9019607843137255,0.4631578947368421,0.4388028895768834
uwf,heldout_family,exfiltration,pyod_ecod_env_sensitive,pyod_ecod,env_sensitive,0.8846153846153846,0.4791666666666667,0.4054487179487179
uwf,heldout_family,reconnaissance,rf_full__oracle_env_upper_bound,sklearn_tree,full,0.635916647155233,0.2676977989292088,0.3682188482260242
uwf,heldout_family,reconnaissance,rf_full__val_observed_f1,sklearn_tree,full,0.6061332055582176,0.2380375529981829,0.3680956525600347
uwf,heldout_family,exfiltration,pyod_ecod_env_sensitive__val_observed_f1,pyod_ecod,env_sensitive,0.8070175438596491,0.4666666666666667,0.3403508771929824
uwf,random,all,rf_full__val_observed_f1,sklearn_tree,full,0.9976822963095026,0.6722460257077644,0.3254362706017382
uwf,heldout_family,defense_evasion,xgb_full__val_observed_f1,xgboost,full,1.0,0.6774847870182555,0.32251521298174446
uwf,heldout_family,defense_evasion,xgb_full__val_robust_minimax,xgboost,full,1.0,0.6774847870182555,0.32251521298174446
uwf,heldout_family,persistence,rf_full__val_observed_f1,sklearn_tree,full,0.998468606431853,0.6805845511482255,0.3178840552836275
uwf,heldout_family,persistence,rf_full__val_robust_minimax,sklearn_tree,full,0.998468606431853,0.6805845511482255,0.3178840552836275
uwf,heldout_family,privilege_escalation,rf_full__val_observed_f1,sklearn_tree,full,0.998468606431853,0.6812957157784744,0.3171728906533786
uwf,heldout_family,privilege_escalation,rf_full__val_robust_minimax,sklearn_tree,full,0.998468606431853,0.6812957157784744,0.3171728906533786
uwf,heldout_family,reconnaissance,pyod_ecod_env_sensitive__val_robust_minimax,pyod_ecod,env_sensitive,0.3116531165311653,0.0027416038382453737,0.3089115126929199
uwf,time,within_family_chronological,lr_full,sklearn_linear,full,0.9984821880301181,0.7063662924803936,0.2921158955497245
uwf,random,all,lr_full__oracle_env_upper_bound,sklearn_linear,full,0.9981553109193693,0.7061442222819204,0.29201108863744885
uwf,random,all,lr_full__val_robust_minimax,sklearn_linear,full,0.9978893546181515,0.7060947040976996,0.29179465052045195
uwf,random,all,lr_full__val_observed_f1,sklearn_linear,full,0.9974748224948754,0.7060133630289532,0.29146145946592217
uwf,time,within_family_chronological,lr_full__oracle_env_upper_bound,sklearn_linear,full,0.9984821880301181,0.7083684896832093,0.2901136983469088
uwf,source_ip,within_family_source_ip,rf_full__val_observed_f1,sklearn_tree,full,0.9986414361960213,0.7127224877069049,0.28591894848911636
uwf,time,within_family_chronological,lr_full__val_observed_f1,sklearn_linear,full,0.9907634196004368,0.7079095828376252,0.2828538367628116
uwf,heldout_family,exfiltration,iforest_env_sensitive,sklearn_anomaly,env_sensitive,0.7666666666666667,0.4842105263157895,0.28245614035087724
uwf,heldout_family,initial_access,lr_full__val_observed_f1,sklearn_linear,full,1.0,0.7220956719817767,0.2779043280182233
uwf,heldout_family,initial_access,lr_full__oracle_env_upper_bound,sklearn_linear,full,1.0,0.7235494880546075,0.2764505119453925
uwf,heldout_family,defense_evasion,lr_full__val_observed_f1,sklearn_linear,full,0.2796833773087071,0.0061162079510703364,0.2735671693576368
uwf,heldout_family,defense_evasion,lr_full__val_robust_minimax,sklearn_linear,full,0.2796833773087071,0.0061162079510703364,0.2735671693576368
uwf,time,within_family_chronological,lr_full__val_robust_minimax,sklearn_linear,full,0.9665476738830032,0.7061475566423413,0.2604001172406619
uwf,heldout_family,initial_access,pyod_copod_env_sensitive__val_observed_f1,pyod_copod,env_sensitive,0.8360655737704918,0.5817524841915086,0.25431308957898324
uwf,heldout_family,exfiltration,pyod_ecod_env_sensitive__val_robust_minimax,pyod_ecod,env_sensitive,0.7076923076923077,0.46153846153846156,0.24615384615384617
uwf,heldout_family,exfiltration,pyod_copod_env_sensitive__val_observed_f1,pyod_copod,env_sensitive,0.7419354838709677,0.5054945054945055,0.23644097837646227
uwf,heldout_family,initial_access,pyod_ecod_env_sensitive__val_observed_f1,pyod_ecod,env_sensitive,0.8471892319873318,0.6225425950196593,0.2246466369676725
uwf,heldout_family,reconnaissance,lr_full,sklearn_linear,full,0.2857984678845021,0.06710963455149502,0.21868883333300707
uwf,heldout_family,persistence,iforest_env_sensitive,sklearn_anomaly,env_sensitive,0.8834688346883469,0.6694045174537988,0.2140643172345481
uwf,source_ip,within_family_source_ip,iforest_env_sensitive,sklearn_anomaly,env_sensitive,0.909621248950369,0.6981919332406119,0.2114293157097571
uwf,heldout_family,defense_evasion,rf_full,sklearn_tree,full,1.0,0.7903525046382189,0.20964749536178107
uwf,heldout_family,privilege_escalation,iforest_env_sensitive,sklearn_anomaly,env_sensitive,0.8716577540106952,0.6680327868852459,0.2036249671254493
uwf,heldout_family,initial_access,iforest_env_sensitive,sklearn_anomaly,env_sensitive,0.8711180124223602,0.6682549136390709,0.20286309878328934
uwf,heldout_family,privilege_escalation,iforest_env_sensitive__oracle_env_upper_bound,sklearn_anomaly,env_sensitive,0.9235127478753541,0.7233560090702947,0.20015673880505935
uwf,time,within_family_chronological,rf_full__val_observed_f1,sklearn_tree,full,0.9161459328185118,0.7169335895793295,0.19921234323918224
uwf,heldout_family,persistence,iforest_env_sensitive__oracle_env_upper_bound,sklearn_anomaly,env_sensitive,0.9300998573466477,0.7315968289920725,0.19850302835457523
uwf,heldout_family,persistence,pyod_ecod_env_sensitive__oracle_env_upper_bound,pyod_ecod,env_sensitive,0.8590250329380764,0.6639344262295082,0.19509060670856826
uwf,heldout_family,persistence,pyod_copod_env_sensitive__oracle_env_upper_bound,pyod_copod,env_sensitive,0.8567639257294429,0.6646153846153846,0.19214854111405832
uwf,heldout_family,reconnaissance,iforest_env_sensitive,sklearn_anomaly,env_sensitive,0.843959982081529,0.6529521152952116,0.19100786678631743
uwf,heldout_family,privilege_escalation,pyod_copod_env_sensitive__oracle_env_upper_bound,pyod_copod,env_sensitive,0.8522875816993464,0.6632337796086509,0.18905380209069544
uwf,random,all,iforest_env_sensitive,sklearn_anomaly,env_sensitive,0.8553305311425297,0.6685389901404243,0.18679154100210538
uwf,heldout_family,defense_evasion,iforest_env_sensitive,sklearn_anomaly,env_sensitive,0.8522875816993464,0.6680327868852459,0.18425479481410045
uwf,heldout_family,privilege_escalation,pyod_ecod_env_sensitive__oracle_env_upper_bound,pyod_ecod,env_sensitive,0.8525469168900804,0.6694560669456067,0.18309084994447378
uwf,heldout_family,reconnaissance,pyod_copod_env_sensitive__oracle_env_upper_bound,pyod_copod,env_sensitive,0.7924785393105328,0.6104176668266923,0.1820608724838405
uwf,source_ip,within_family_source_ip,pyod_ecod_env_sensitive__val_observed_f1,pyod_ecod,env_sensitive,0.875164711727475,0.6933643095687527,0.18180040215872229
uwf,heldout_family,reconnaissance,iforest_env_sensitive__oracle_env_upper_bound,sklearn_anomaly,env_sensitive,0.8469508584961516,0.6665138666055467,0.18043699189060491
uwf,heldout_family,exfiltration,iforest_env_sensitive__val_observed_f1,sklearn_anomaly,env_sensitive,0.8363636363636363,0.6571428571428571,0.17922077922077917
uwf,heldout_family,reconnaissance,pyod_copod_env_sensitive,pyod_copod,env_sensitive,0.20439189189189189,0.02631578947368421,0.17807610241820768
uwf,heldout_family,initial_access,pyod_ecod_env_sensitive__oracle_env_upper_bound,pyod_ecod,env_sensitive,0.8471892319873318,0.6695226438188494,0.17766658816848235
uwf,heldout_family,persistence,pyod_ecod_env_sensitive__val_observed_f1,pyod_ecod,env_sensitive,0.8337595907928389,0.6568109820485745,0.17694860874426444
uwf,heldout_family,initial_access,iforest_env_sensitive__oracle_env_upper_bound,sklearn_anomaly,env_sensitive,0.9113100081366965,0.7350993377483444,0.17621067038835214
uwf,heldout_family,defense_evasion,iforest_env_sensitive__oracle_env_upper_bound,sklearn_anomaly,env_sensitive,0.9034965034965035,0.728538283062645,0.17495822043385845
uwf,time,within_family_chronological,lgbm_full__val_observed_f1,lightgbm,full,0.9491688341060726,0.7802100762223462,0.16895875788372638
uwf,heldout_family,defense_evasion,pyod_copod_env_sensitive__oracle_env_upper_bound,pyod_copod,env_sensitive,0.8295165394402035,0.6625641025641026,0.16695243687610095
uwf,heldout_family,credential_access,rf_full__val_observed_f1,sklearn_tree,full,0.9990582290111405,0.8333381232935767,0.1657201057175638
uwf,heldout_family,defense_evasion,pyod_ecod_env_sensitive__oracle_env_upper_bound,pyod_ecod,env_sensitive,0.8290816326530612,0.6687565308254964,0.16032510182756488
uwf,heldout_family,exfiltration,pyod_ecod_env_sensitive__oracle_env_upper_bound,pyod_ecod,env_sensitive,0.9787234042553191,0.8205128205128205,0.15821058374249863
uwf,source_ip,within_family_source_ip,lr_full,sklearn_linear,full,0.9973254230694417,0.840201850294365,0.15712357277507671
uwf,heldout_family,privilege_escalation,pyod_ecod_env_sensitive__val_observed_f1,pyod_ecod,env_sensitive,0.820125786163522,0.6645636172450052,0.15556216891851682
uwf,heldout_family,credential_access,lr_full__val_observed_f1,sklearn_linear,full,0.9977387251919788,0.8422262815681566,0.15551244362382222
uwf,heldout_family,credential_access,lr_full__oracle_env_upper_bound,sklearn_linear,full,0.9992297522561361,0.844581119160051,0.15464863309608512
uwf,heldout_family,credential_access,lr_full,sklearn_linear,full,0.9987016419059437,0.8445113323557408,0.15419030955020285
uwf,time,within_family_chronological,iforest_env_sensitive,sklearn_anomaly,env_sensitive,0.8204789833822091,0.6669315269859558,0.15354745639625333
uwf,heldout_family,exfiltration,lr_full,sklearn_linear,full,1.0,0.85,0.15000000000000002
uwf,heldout_family,exfiltration,lr_full__val_observed_f1,sklearn_linear,full,1.0,0.85,0.15000000000000002
uwf,heldout_family,exfiltration,lr_full__val_robust_minimax,sklearn_linear,full,1.0,0.85,0.15000000000000002
uwf,heldout_family,reconnaissance,pyod_ecod_env_sensitive__oracle_env_upper_bound,pyod_ecod,env_sensitive,0.8121059268600253,0.6667430666972267,0.14536286016279854
uwf,heldout_family,initial_access,pyod_copod_env_sensitive__oracle_env_upper_bound,pyod_copod,env_sensitive,0.8360655737704918,0.6920415224913494,0.14402405127914242
uwf,heldout_family,credential_access,lr_full__val_robust_minimax,sklearn_linear,full,0.981925397076433,0.8404954499494439,0.1414299471269891
uwf,source_ip,within_family_source_ip,lr_full__val_observed_f1,sklearn_linear,full,0.9987864077669902,0.8579063360881543,0.14088007167883598
uwf,heldout_family,credential_access,pyod_ecod_env_sensitive__val_robust_minimax,pyod_ecod,env_sensitive,0.7877900361153714,0.6492632894257302,0.13852674668964116
uwf,heldout_family,reconnaissance,rf_full__val_robust_minimax,sklearn_tree,full,0.1340602950609365,0.0013740982480247338,0.13268619681291177
uwf,heldout_family,credential_access,iforest_env_sensitive,sklearn_anomaly,env_sensitive,0.917836982326563,0.7854234196816339,0.1324135626449291
uwf,source_ip,within_family_source_ip,lr_full__oracle_env_upper_bound,sklearn_linear,full,0.9988590294467506,0.8699807238074553,0.12887830563929537
uwf,time,within_family_chronological,pyod_copod_env_sensitive__val_robust_minimax,pyod_copod,env_sensitive,0.7922972075629958,0.6648753894080996,0.12742181815489617
uwf,heldout_family,initial_access,pyod_ecod_env_sensitive__val_robust_minimax,pyod_ecod,env_sensitive,0.7868162692847125,0.6618444846292948,0.1249717846554177
uwf,heldout_family,initial_access,iforest_env_sensitive__val_observed_f1,sklearn_anomaly,env_sensitive,0.803030303030303,0.6792009400705052,0.12382936295979774
uwf,random,all,iforest_env_sensitive__val_observed_f1,sklearn_anomaly,env_sensitive,0.9110974519445686,0.7875536480686696,0.12354380387589903
uwf,random,all,iforest_env_sensitive__val_robust_minimax,sklearn_anomaly,env_sensitive,0.7910658750353406,0.6783998053488514,0.11266606968648929
uwf,source_ip,within_family_source_ip,lr_full__val_robust_minimax,sklearn_linear,full,0.9806257893858875,0.8699807238074553,0.11064506557843223
uwf,time,within_family_chronological,pyod_ecod_env_sensitive__val_robust_minimax,pyod_ecod,env_sensitive,0.821382262996942,0.7113917613154772,0.10999050168146474
uwf,heldout_family,initial_access,pyod_copod_env_sensitive,pyod_copod,env_sensitive,0.6874328678839957,0.5804555473916239,0.10697732049237185
uwf,heldout_family,reconnaissance,xgb_full__val_robust_minimax,xgboost,full,0.10488599348534201,0.0013740982480247338,0.10351189523731728
uwf,time,within_family_chronological,iforest_env_sensitive__val_observed_f1,sklearn_anomaly,env_sensitive,0.9103007110831882,0.807767186670375,0.10253352441281327
uwf,heldout_family,privilege_escalation,gb_full__val_observed_f1,sklearn_boosting,full,0.998468606431853,0.8968363136176066,0.10163229281424635
uwf,heldout_family,privilege_escalation,gb_full__val_robust_minimax,sklearn_boosting,full,0.998468606431853,0.8968363136176066,0.10163229281424635
uwf,heldout_family,defense_evasion,lr_full,sklearn_linear,full,1.0,0.8986486486486487,0.10135135135135132
uwf,heldout_family,persistence,lr_full,sklearn_linear,full,1.0,0.8986486486486487,0.10135135135135132
uwf,heldout_family,privilege_escalation,lr_full,sklearn_linear,full,0.998468606431853,0.897133220910624,0.101335385521229
uwf,heldout_family,privilege_escalation,lr_full__oracle_env_upper_bound,sklearn_linear,full,1.0,0.898989898989899,0.101010101010101
uwf,random,all,pyod_ecod_env_sensitive__val_robust_minimax,pyod_ecod,env_sensitive,0.776898514507844,0.6771266083168637,0.09977190619098031
uwf,heldout_family,persistence,lr_full__oracle_env_upper_bound,sklearn_linear,full,1.0,0.9005059021922428,0.0994940978077572
uwf,heldout_family,defense_evasion,lr_full__oracle_env_upper_bound,sklearn_linear,full,1.0,0.9017713365539453,0.09822866344605474
uwf,heldout_family,credential_access,pyod_copod_env_sensitive__val_observed_f1,pyod_copod,env_sensitive,0.7515780263733517,0.6542000673627484,0.09737795901060331
uwf,heldout_family,reconnaissance,rf_full,sklearn_tree,full,0.09807126511932004,0.0013740982480247338,0.09669716687129531
uwf,random,all,pyod_copod_env_sensitive,pyod_copod,env_sensitive,0.790946992257296,0.6952649208282582,0.09568207142903784
uwf,time,within_family_chronological,pyod_copod_env_sensitive__val_observed_f1,pyod_copod,env_sensitive,0.8724916387959866,0.7770428947999042,0.09544874399608239
uwf,heldout_family,exfiltration,iforest_env_sensitive__val_robust_minimax,sklearn_anomaly,env_sensitive,0.6301369863013698,0.5348837209302325,0.09525326537113732
uwf,time,within_family_chronological,iforest_env_sensitive__val_robust_minimax,sklearn_anomaly,env_sensitive,0.8245898418312212,0.7312634545817706,0.09332638724945064
uwf,random,all,pyod_copod_env_sensitive__val_observed_f1,pyod_copod,env_sensitive,0.8690246289780693,0.7758563034443223,0.09316832553374699
uwf,source_ip,within_family_source_ip,iforest_env_sensitive__val_robust_minimax,sklearn_anomaly,env_sensitive,0.9178929312990882,0.8253726740002056,0.09252025729888258
uwf,heldout_family,persistence,lgbm_full,lightgbm,full,1.0,0.9078726968174204,0.09212730318257956
uwf,time,within_family_chronological,pyod_copod_env_sensitive,pyod_copod,env_sensitive,0.7326747326747327,0.6416971819773921,0.09097755069734059
uwf,heldout_family,reconnaissance,cat_full,catboost,full,0.09058089924515918,0.0013740982480247338,0.08920680099713445
uwf,source_ip,within_family_source_ip,pyod_copod_env_sensitive,pyod_copod,env_sensitive,0.7849190864225869,0.6957815454235502,0.0891375409990367
uwf,heldout_family,persistence,gb_full__val_observed_f1,sklearn_boosting,full,1.0,0.9118881118881119,0.08811188811188808
uwf,heldout_family,persistence,gb_full__val_robust_minimax,sklearn_boosting,full,1.0,0.9118881118881119,0.08811188811188808
uwf,time,within_family_chronological,pyod_ecod_env_sensitive__val_observed_f1,pyod_ecod,env_sensitive,0.8776578863852745,0.7900738629000907,0.08758402348518379
uwf,random,all,pyod_ecod_env_sensitive__val_observed_f1,pyod_ecod,env_sensitive,0.8726074678380923,0.790465841443825,0.08214162639426725
uwf,source_ip,within_family_source_ip,iforest_env_sensitive__val_observed_f1,sklearn_anomaly,env_sensitive,0.9178921287480787,0.8389039826456899,0.0789881461023888
uwf,heldout_family,credential_access,pyod_copod_env_sensitive__oracle_env_upper_bound,pyod_copod,env_sensitive,0.8725176829645516,0.7936671481007884,0.07885053486376314
uwf,heldout_family,persistence,lr_full__val_observed_f1,sklearn_linear,full,0.9731343283582089,0.8956661316211878,0.0774681967370211
uwf,heldout_family,persistence,lr_full__val_robust_minimax,sklearn_linear,full,0.9731343283582089,0.8956661316211878,0.0774681967370211
uwf,heldout_family,credential_access,iforest_env_sensitive__val_robust_minimax,sklearn_anomaly,env_sensitive,0.8624884737797079,0.7850689963268143,0.07741947745289368
uwf,heldout_family,privilege_escalation,lr_full__val_observed_f1,sklearn_linear,full,0.9630723781388478,0.8857142857142857,0.07735809242456215
uwf,heldout_family,privilege_escalation,lr_full__val_robust_minimax,sklearn_linear,full,0.9630723781388478,0.8857142857142857,0.07735809242456215
uwf,source_ip,within_family_source_ip,pyod_ecod_env_sensitive__oracle_env_upper_bound,pyod_ecod,env_sensitive,0.875164711727475,0.8007011755001031,0.0744635362273719
uwf,source_ip,within_family_source_ip,pyod_copod_env_sensitive__val_robust_minimax,pyod_copod,env_sensitive,0.7072433366238894,0.6351593031728158,0.07208403345107361
uwf,heldout_family,initial_access,lgbm_full,lightgbm,full,1.0,0.9293893129770993,0.07061068702290074
uwf,heldout_family,defense_evasion,pyod_copod_env_sensitive__val_robust_minimax,pyod_copod,env_sensitive,0.32338308457711445,0.25668449197860965,0.0666985925985048
uwf,heldout_family,initial_access,iforest_env_sensitive__val_robust_minimax,sklearn_anomaly,env_sensitive,0.7690198766278272,0.7025673137132122,0.06645256291461499
uwf,heldout_family,defense_evasion,pyod_ecod_env_sensitive__val_observed_f1,pyod_ecod,env_sensitive,0.3180722891566265,0.25257731958762886,0.06549496956899764
uwf,heldout_family,credential_access,pyod_copod_env_sensitive,pyod_copod,env_sensitive,0.49386497847211586,0.429105853838453,0.06475912463366285
uwf,heldout_family,reconnaissance,lr_full__oracle_env_upper_bound,sklearn_linear,full,0.5394954020278236,0.47815040650406504,0.061344995523758605
uwf,heldout_family,defense_evasion,pyod_ecod_env_sensitive__val_robust_minimax,pyod_ecod,env_sensitive,0.3231850117096019,0.2621359223300971,0.06104908937950482
uwf,heldout_family,defense_evasion,pyod_copod_env_sensitive__val_observed_f1,pyod_copod,env_sensitive,0.32592592592592595,0.26595744680851063,0.05996847911741532
uwf,heldout_family,reconnaissance,pyod_copod_env_sensitive__val_robust_minimax,pyod_copod,env_sensitive,0.06231551328304362,0.002742543709290367,0.05957296957375325
uwf,heldout_family,credential_access,iforest_env_sensitive__val_observed_f1,sklearn_anomaly,env_sensitive,0.9618204133081235,0.9024192879077102,0.05940112540041331
uwf,heldout_family,credential_access,pyod_ecod_env_sensitive__val_observed_f1,pyod_ecod,env_sensitive,0.6243158156000574,0.5668405545706159,0.05747526102944156
uwf,time,within_family_chronological,pyod_ecod_env_sensitive__oracle_env_upper_bound,pyod_ecod,env_sensitive,0.8811937702155418,0.8237624794724083,0.05743129074313347
uwf,heldout_family,reconnaissance,lr_full__val_observed_f1,sklearn_linear,full,0.5092707045735476,0.45307956648162834,0.05619113809191928
uwf,random,all,pyod_ecod_env_sensitive__oracle_env_upper_bound,pyod_ecod,env_sensitive,0.8806423028382696,0.8248308172826653,0.055811485555604334
uwf,heldout_family,reconnaissance,pyod_ecod_env_sensitive__val_observed_f1,pyod_ecod,env_sensitive,0.05656034199276554,0.0027434842249657062,0.05381685776779983
uwf,heldout_family,defense_evasion,lgbm_full,lightgbm,full,1.0,0.9466882067851373,0.05331179321486268
uwf,heldout_family,defense_evasion,iforest_env_sensitive__val_observed_f1,sklearn_anomaly,env_sensitive,0.30456852791878175,0.2520107238605898,0.05255780405819194
uwf,heldout_family,defense_evasion,iforest_env_sensitive__val_robust_minimax,sklearn_anomaly,env_sensitive,0.30456852791878175,0.2520107238605898,0.05255780405819194
uwf,heldout_family,privilege_escalation,pyod_copod_env_sensitive,pyod_copod,env_sensitive,0.32057416267942584,0.27310924369747897,0.04746491898194688
uwf,heldout_family,credential_access,gb_full__val_observed_f1,sklearn_boosting,full,0.9992762863149188,0.9530320460147905,0.0462442403001283
uwf,heldout_family,defense_evasion,pyod_copod_env_sensitive,pyod_copod,env_sensitive,0.3087557603686636,0.26262626262626265,0.04612949774240094
uwf,heldout_family,exfiltration,xgb_full__val_observed_f1,xgboost,full,1.0,0.9545454545454546,0.045454545454545414
uwf,heldout_family,exfiltration,lgbm_full,lightgbm,full,1.0,0.9545454545454546,0.045454545454545414
uwf,heldout_family,exfiltration,lgbm_full__val_observed_f1,lightgbm,full,1.0,0.9545454545454546,0.045454545454545414
uwf,heldout_family,exfiltration,cat_full__val_observed_f1,catboost,full,1.0,0.9545454545454546,0.045454545454545414
uwf,heldout_family,exfiltration,cat_full__val_robust_minimax,catboost,full,1.0,0.9545454545454546,0.045454545454545414
uwf,heldout_family,defense_evasion,gb_full__val_robust_minimax,sklearn_boosting,full,1.0,0.9551282051282052,0.04487179487179482
uwf,heldout_family,persistence,pyod_copod_env_sensitive,pyod_copod,env_sensitive,0.32057416267942584,0.2760084925690021,0.04456567011042373
uwf,source_ip,within_family_source_ip,pyod_copod_env_sensitive__val_observed_f1,pyod_copod,env_sensitive,0.8792224207819378,0.8347159908575298,0.04450642992440801
uwf,heldout_family,exfiltration,pyod_copod_env_sensitive__val_robust_minimax,pyod_copod,env_sensitive,0.5054945054945055,0.4631578947368421,0.04233661075766337
uwf,heldout_family,reconnaissance,gb_full,sklearn_boosting,full,0.0423956931359354,0.0013740982480247338,0.04102159488791066
uwf,heldout_family,reconnaissance,gb_full__val_observed_f1,sklearn_boosting,full,0.0423956931359354,0.0013740982480247338,0.04102159488791066
uwf,heldout_family,reconnaissance,gb_full__val_robust_minimax,sklearn_boosting,full,0.0423956931359354,0.0013740982480247338,0.04102159488791066
uwf,heldout_family,reconnaissance,gb_full__oracle_env_upper_bound,sklearn_boosting,full,0.0423956931359354,0.0013740982480247338,0.04102159488791066
uwf,heldout_family,reconnaissance,xgb_full,xgboost,full,0.0423956931359354,0.0013740982480247338,0.04102159488791066
uwf,heldout_family,reconnaissance,lgbm_full,lightgbm,full,0.0423956931359354,0.0013740982480247338,0.04102159488791066
uwf,heldout_family,reconnaissance,lgbm_full__val_observed_f1,lightgbm,full,0.0423956931359354,0.0013740982480247338,0.04102159488791066
uwf,heldout_family,reconnaissance,lgbm_full__val_robust_minimax,lightgbm,full,0.0423956931359354,0.0013740982480247338,0.04102159488791066
uwf,heldout_family,reconnaissance,lgbm_full__oracle_env_upper_bound,lightgbm,full,0.0423956931359354,0.0013740982480247338,0.04102159488791066
uwf,heldout_family,privilege_escalation,lgbm_full,lightgbm,full,1.0,0.960127591706539,0.03987240829346095
uwf,heldout_family,exfiltration,iforest_env_sensitive__oracle_env_upper_bound,sklearn_anomaly,env_sensitive,0.9583333333333334,0.92,0.03833333333333333
uwf,random,all,lgbm_full__val_observed_f1,lightgbm,full,0.9986912552052349,0.9659100716320014,0.03278118357323356
uwf,heldout_family,initial_access,gb_full__val_observed_f1,sklearn_boosting,full,1.0,0.96875,0.03125
uwf,heldout_family,reconnaissance,pyod_copod_env_sensitive__val_observed_f1,pyod_copod,env_sensitive,0.032699366032699365,0.0027100271002710027,0.02998933893242836
uwf,heldout_family,credential_access,pyod_ecod_env_sensitive,pyod_ecod,env_sensitive,0.34372242419964,0.3141275810686156,0.029594843131024395
uwf,random,all,xgb_full__val_observed_f1,xgboost,full,0.983349479292807,0.9538231445129931,0.029526334779813923
uwf,random,all,gb_full__val_observed_f1,sklearn_boosting,full,0.9863898361348342,0.9585930957476505,0.027796740387183716
uwf,heldout_family,initial_access,rf_full,sklearn_tree,full,1.0,0.9734675205855444,0.02653247941445558
uwf,random,all,cat_full__val_observed_f1,catboost,full,0.9978601997146933,0.971640236138442,0.026219963576251337
uwf,heldout_family,reconnaissance,cat_full__oracle_env_upper_bound,catboost,full,0.6189234052644059,0.593183466279913,0.025739938984492894
uwf,heldout_family,privilege_escalation,cat_full__val_observed_f1,catboost,full,0.998468606431853,0.9731343283582089,0.02533427807364408
uwf,heldout_family,privilege_escalation,cat_full__val_robust_minimax,catboost,full,0.998468606431853,0.9731343283582089,0.02533427807364408
uwf,heldout_family,initial_access,lr_full,sklearn_linear,full,0.7235494880546075,0.6983758700696056,0.02517361798500195
uwf,heldout_family,credential_access,pyod_ecod_env_sensitive__oracle_env_upper_bound,pyod_ecod,env_sensitive,0.8053003500408225,0.7828636909112235,0.022436659129598913
uwf,heldout_family,privilege_escalation,xgb_full__val_observed_f1,xgboost,full,0.998468606431853,0.9760479041916168,0.02242070224023618
uwf,heldout_family,privilege_escalation,xgb_full__val_robust_minimax,xgboost,full,0.998468606431853,0.9760479041916168,0.02242070224023618
uwf,source_ip,within_family_source_ip,pyod_copod_env_sensitive__oracle_env_upper_bound,pyod_copod,env_sensitive,0.9194310499406334,0.8972298836790982,0.022201166261535232
uwf,heldout_family,reconnaissance,iforest_env_sensitive__val_observed_f1,sklearn_anomaly,env_sensitive,0.02350570852921424,0.0013726835964310226,0.022133024932783216
uwf,time,within_family_chronological,pyod_ecod_env_sensitive,pyod_ecod,env_sensitive,0.6442522005213253,0.6222380895711849,0.022014110950140386
uwf,random,all,pyod_ecod_env_sensitive,pyod_ecod,env_sensitive,0.6463525835866262,0.6247171384334431,0.021635445153183053
uwf,time,within_family_chronological,gb_full,sklearn_boosting,full,0.9988694513864096,0.9773183869558888,0.021551064430520794
uwf,time,within_family_chronological,lgbm_full,lightgbm,full,0.9985426642476876,0.9774374799848613,0.02110518426282626
uwf,time,within_family_chronological,rf_full,sklearn_tree,full,0.9988694513864096,0.977912465761408,0.02095698562500159
uwf,time,within_family_chronological,rf_full__val_robust_minimax,sklearn_tree,full,0.9988694513864096,0.977912465761408,0.02095698562500159
uwf,time,within_family_chronological,xgb_full,xgboost,full,0.9988694513864096,0.9784344582386199,0.020434993147789737
uwf,heldout_family,reconnaissance,cat_full__val_observed_f1,catboost,full,0.5798585710802243,0.5597624350408315,0.020096136039392865
uwf,time,within_family_chronological,xgb_full__val_robust_minimax,xgboost,full,0.9988694513864096,0.9791763882407839,0.01969306314562569
uwf,heldout_family,initial_access,pyod_ecod_env_sensitive,pyod_ecod,env_sensitive,0.6858359957401491,0.6662700773349197,0.019565918405229366
uwf,heldout_family,initial_access,lgbm_full__val_observed_f1,lightgbm,full,1.0,0.9807692307692307,0.019230769230769273
uwf,time,within_family_chronological,pyod_copod_env_sensitive__oracle_env_upper_bound,pyod_copod,env_sensitive,0.919674738200258,0.9012265213011791,0.01844821689907894
uwf,heldout_family,persistence,cat_full__val_observed_f1,catboost,full,1.0,0.9819277108433735,0.01807228915662651
uwf,heldout_family,persistence,cat_full__val_robust_minimax,catboost,full,1.0,0.9819277108433735,0.01807228915662651
uwf,heldout_family,privilege_escalation,lgbm_full__val_observed_f1,lightgbm,full,0.998468606431853,0.9804511278195489,0.018017478612304072
uwf,heldout_family,privilege_escalation,lgbm_full__val_robust_minimax,lightgbm,full,0.998468606431853,0.9804511278195489,0.018017478612304072
uwf,random,all,rf_full__val_robust_minimax,sklearn_tree,full,0.998661550816454,0.9815226289322886,0.017138921884165437
uwf,heldout_family,defense_evasion,rf_full__oracle_env_upper_bound,sklearn_tree,full,1.0,0.9834087481146304,0.016591251885369585
uwf,heldout_family,persistence,xgb_full__val_observed_f1,xgboost,full,1.0,0.9834087481146304,0.016591251885369585
uwf,heldout_family,persistence,xgb_full__val_robust_minimax,xgboost,full,1.0,0.9834087481146304,0.016591251885369585
uwf,heldout_family,persistence,lgbm_full__val_observed_f1,lightgbm,full,1.0,0.9834087481146304,0.016591251885369585
uwf,heldout_family,persistence,lgbm_full__val_robust_minimax,lightgbm,full,1.0,0.9834087481146304,0.016591251885369585
uwf,heldout_family,privilege_escalation,rf_full__oracle_env_upper_bound,sklearn_tree,full,1.0,0.9834087481146304,0.016591251885369585
uwf,heldout_family,credential_access,lgbm_full__val_observed_f1,lightgbm,full,0.9992648072416487,0.9831707675441075,0.016094039697541196
uwf,heldout_family,persistence,pyod_copod_env_sensitive__val_robust_minimax,pyod_copod,env_sensitive,0.6805845511482255,0.6646153846153846,0.01596916653284086
uwf,heldout_family,credential_access,cat_full__val_observed_f1,catboost,full,0.9991729841488629,0.9834820065800631,0.01569097756879978
uwf,random,all,rf_full,sklearn_tree,full,0.9988695186529423,0.9832718690072282,0.015597649645714085
uwf,heldout_family,credential_access,xgb_full__val_observed_f1,xgboost,full,0.9991041279029702,0.9836043329790362,0.015499794923934052
uwf,random,all,pyod_copod_env_sensitive__oracle_env_upper_bound,pyod_copod,env_sensitive,0.9184554432026492,0.9032409858243633,0.015214457378285862
uwf,heldout_family,persistence,pyod_ecod_env_sensitive__val_robust_minimax,pyod_ecod,env_sensitive,0.6784599375650364,0.6639344262295082,0.014525511335528263
uwf,heldout_family,privilege_escalation,pyod_copod_env_sensitive__val_robust_minimax,pyod_copod,env_sensitive,0.6777546777546778,0.6632337796086509,0.014520898146026862
uwf,time,within_family_chronological,gb_full__val_observed_f1,sklearn_boosting,full,0.9988694513864096,0.9844881699661999,0.014381281420209668
uwf,heldout_family,initial_access,rf_full__val_robust_minimax,sklearn_tree,full,1.0,0.9859402460456942,0.01405975395430581
uwf,heldout_family,persistence,iforest_env_sensitive__val_robust_minimax,sklearn_anomaly,env_sensitive,0.6812957157784744,0.6673490276356192,0.013946688142855157
uwf,heldout_family,persistence,rf_full__oracle_env_upper_bound,sklearn_tree,full,1.0,0.9863842662632375,0.013615733736762503
uwf,heldout_family,initial_access,rf_full__val_observed_f1,sklearn_tree,full,1.0,0.9868073878627969,0.01319261213720313
uwf,time,within_family_chronological,xgb_full__val_observed_f1,xgboost,full,0.9980041109356848,0.9848864219131799,0.013117689022504875
uwf,heldout_family,reconnaissance,cat_full__val_robust_minimax,catboost,full,0.14772365488697867,0.1346585444052581,0.013065110481720571
uwf,heldout_family,initial_access,pyod_copod_env_sensitive__val_robust_minimax,pyod_copod,env_sensitive,0.6771273385636692,0.6642771804062126,0.012850158157456604
uwf,heldout_family,credential_access,xgb_full__val_robust_minimax,xgboost,full,0.9992762863149188,0.9864821955091858,0.012794090805733016
uwf,time,within_family_chronological,rf_full__oracle_env_upper_bound,sklearn_tree,full,0.9989288902112466,0.9868614012510101,0.012067488960236572
uwf,heldout_family,credential_access,lgbm_full__val_robust_minimax,lightgbm,full,0.9993681283963098,0.9873331517297739,0.012034976666535968
uwf,random,all,rf_full__oracle_env_upper_bound,sklearn_tree,full,0.9990181201463894,0.9869997908012312,0.012018329345158119
uwf,heldout_family,initial_access,lgbm_full__val_robust_minimax,lightgbm,full,1.0,0.9882777276825969,0.011722272317403082
uwf,heldout_family,reconnaissance,lr_full__val_robust_minimax,sklearn_linear,full,0.01161995898838004,0.0,0.01161995898838004
uwf,heldout_family,initial_access,rf_full__oracle_env_upper_bound,sklearn_tree,full,1.0,0.9894179894179894,0.010582010582010581
uwf,source_ip,within_family_source_ip,rf_full,sklearn_tree,full,0.9905410703783571,0.9799648332053791,0.010576237172978065
uwf,source_ip,within_family_source_ip,rf_full__oracle_env_upper_bound,sklearn_tree,full,0.9992474814904722,0.989333722969024,0.009913758521448157
uwf,heldout_family,persistence,lgbm_full__oracle_env_upper_bound,lightgbm,full,1.0,0.9908814589665653,0.00911854103343468
uwf,time,within_family_chronological,cat_full,catboost,full,0.9988694513864096,0.9897959183673469,0.009073533019062663
uwf,random,all,pyod_copod_env_sensitive__val_robust_minimax,pyod_copod,env_sensitive,0.6760086977530805,0.666984505363528,0.009024192389552432
uwf,heldout_family,credential_access,rf_full__val_robust_minimax,sklearn_tree,full,0.999333685637479,0.9904584063944618,0.008875279243017231
uwf,heldout_family,credential_access,rf_full,sklearn_tree,full,0.9993451662932966,0.9905373552420319,0.008807811051264713
uwf,heldout_family,credential_access,lgbm_full,lightgbm,full,0.9994255382706404,0.990819418183475,0.008606120087165436
uwf,heldout_family,credential_access,xgb_full,xgboost,full,0.999482954741305,0.9909661544069901,0.0085168003343149
uwf,heldout_family,credential_access,pyod_copod_env_sensitive__val_robust_minimax,pyod_copod,env_sensitive,0.7928614397433327,0.7844176924117409,0.008443747331591811
uwf,source_ip,within_family_source_ip,iforest_env_sensitive__oracle_env_upper_bound,sklearn_anomaly,env_sensitive,0.9498221448573375,0.9414587332053743,0.008363411651963193
uwf,heldout_family,privilege_escalation,pyod_ecod_env_sensitive__val_robust_minimax,pyod_ecod,env_sensitive,0.6735537190082644,0.6653019447287615,0.008251774279502966
uwf,source_ip,within_family_source_ip,pyod_ecod_env_sensitive__val_robust_minimax,pyod_ecod,env_sensitive,0.7067387758605889,0.6985236721534024,0.008215103707186477
uwf,random,all,iforest_env_sensitive__oracle_env_upper_bound,sklearn_anomaly,env_sensitive,0.9528095428906082,0.9448335709415484,0.007975971949059746
uwf,heldout_family,initial_access,cat_full__val_observed_f1,catboost,full,1.0,0.9920424403183024,0.007957559681697646
uwf,heldout_family,persistence,xgb_full,xgboost,full,1.0,0.9923896499238964,0.007610350076103556
uwf,heldout_family,privilege_escalation,lgbm_full__oracle_env_upper_bound,lightgbm,full,1.0,0.9923896499238964,0.007610350076103556
uwf,random,all,lgbm_full__oracle_env_upper_bound,lightgbm,full,0.9992856717661766,0.9918146626872728,0.007471009078903745
uwf,random,all,lgbm_full,lightgbm,full,0.9991965003124721,0.9917277239423304,0.00746877637014165
uwf,random,all,lgbm_full__val_robust_minimax,lightgbm,full,0.9990478457510117,0.9917277239423304,0.007320121808681246
uwf,time,within_family_chronological,iforest_env_sensitive__oracle_env_upper_bound,sklearn_anomaly,env_sensitive,0.9506169040952586,0.9437000652842976,0.006916838810960946
uwf,heldout_family,credential_access,iforest_env_sensitive__oracle_env_upper_bound,sklearn_anomaly,env_sensitive,0.9960496032427605,0.9892450855216997,0.006804517721060832
uwf,source_ip,within_family_source_ip,cat_full__val_observed_f1,catboost,full,0.9985429820301117,0.9917758001109422,0.006767181919169474
uwf,source_ip,within_family_source_ip,rf_full__val_robust_minimax,sklearn_tree,full,0.9949506037321625,0.9882875703349513,0.006663033397211193
uwf,time,within_family_chronological,cat_full__val_robust_minimax,catboost,full,0.9988694513864096,0.9922540208136235,0.0066154305727861296
uwf,random,all,xgb_full,xgboost,full,0.9989586742435512,0.9923433943299731,0.0066152799135781315
uwf,time,within_family_chronological,lgbm_full__val_robust_minimax,lightgbm,full,0.9835652556027538,0.9772383280940738,0.006326927508679914
uwf,time,within_family_chronological,gb_full__val_robust_minimax,sklearn_boosting,full,0.9835652556027538,0.9772899318697956,0.006275323732958138
uwf,heldout_family,initial_access,xgb_full__val_observed_f1,xgboost,full,1.0,0.9937998228520815,0.00620017714791854
uwf,heldout_family,initial_access,xgb_full__val_robust_minimax,xgboost,full,1.0,0.9937998228520815,0.00620017714791854
uwf,heldout_family,initial_access,cat_full__val_robust_minimax,catboost,full,1.0,0.9937998228520815,0.00620017714791854
uwf,heldout_family,privilege_escalation,xgb_full,xgboost,full,0.998468606431853,0.9923896499238964,0.006078956507956534
uwf,random,all,xgb_full__val_robust_minimax,xgboost,full,0.9989586742435512,0.9932830300340287,0.00567564420952249
uwf,heldout_family,initial_access,lgbm_full__oracle_env_upper_bound,lightgbm,full,1.0,0.9946808510638298,0.005319148936170248
uwf,source_ip,within_family_source_ip,pyod_ecod_env_sensitive,pyod_ecod,env_sensitive,0.5900222277105458,0.5851589674742174,0.004863260236328437
uwf,heldout_family,defense_evasion,lgbm_full__oracle_env_upper_bound,lightgbm,full,1.0,0.9954198473282443,0.004580152671755711
uwf,heldout_family,initial_access,xgb_full,xgboost,full,1.0,0.9955634427684117,0.004436557231588312
uwf,heldout_family,initial_access,lr_full__val_robust_minimax,sklearn_linear,full,0.7235494880546075,0.7191780821917808,0.004371405862826694
uwf,heldout_family,credential_access,lgbm_full__oracle_env_upper_bound,lightgbm,full,0.9996092672611934,0.9956726806484111,0.003936586612782289
uwf,heldout_family,exfiltration,pyod_copod_env_sensitive__oracle_env_upper_bound,pyod_copod,env_sensitive,0.9583333333333334,0.9545454545454546,0.0037878787878787845
uwf,heldout_family,initial_access,cat_full,catboost,full,1.0,0.9964476021314387,0.003552397868561319
uwf,time,within_family_chronological,lgbm_full__oracle_env_upper_bound,lightgbm,full,0.9988694513864096,0.9954020942718994,0.0034673571145101834
uwf,heldout_family,credential_access,cat_full,catboost,full,0.9994944388270981,0.9962321197475864,0.0032623190795116885
uwf,heldout_family,credential_access,gb_full__val_robust_minimax,sklearn_boosting,full,0.9994255118689248,0.9962043460810733,0.0032211657878514766
uwf,source_ip,within_family_source_ip,lgbm_full__val_robust_minimax,lightgbm,full,0.9767696091828368,0.9737097859403424,0.0030598232424944305
uwf,heldout_family,defense_evasion,xgb_full,xgboost,full,1.0,0.9969418960244648,0.003058103975535187
uwf,heldout_family,privilege_escalation,gb_full,sklearn_boosting,full,0.998468606431853,0.9954198473282443,0.003048759103608689
uwf,source_ip,within_family_source_ip,lgbm_full,lightgbm,full,0.9780170702659786,0.9751181886041304,0.0028988816618482627
uwf,heldout_family,credential_access,gb_full,sklearn_boosting,full,0.9994369951627543,0.996649685621185,0.0027873095415692495
uwf,heldout_family,privilege_escalation,iforest_env_sensitive__val_robust_minimax,sklearn_anomaly,env_sensitive,0.6700924974306269,0.6673490276356192,0.0027434697950077247
uwf,random,all,gb_full,sklearn_boosting,full,0.9985723633335316,0.9958439707890518,0.002728392544479763
uwf,random,all,cat_full,catboost,full,0.9989289539450197,0.9963178524765411,0.0026111014684785383
uwf,source_ip,within_family_source_ip,xgb_full,xgboost,full,0.9766968100963928,0.9744547355841051,0.0022420745122876395
uwf,time,within_family_chronological,cat_full__val_observed_f1,catboost,full,0.9988694513864096,0.9967014353213872,0.002168016065022371
uwf,heldout_family,credential_access,gb_full__oracle_env_upper_bound,sklearn_boosting,full,0.9994485040672825,0.997336211449698,0.002112292617584499
uwf,source_ip,within_family_source_ip,xgb_full__val_robust_minimax,xgboost,full,0.9762898896510588,0.9744547355841051,0.0018351540669536703
uwf,source_ip,within_family_source_ip,cat_full__oracle_env_upper_bound,catboost,full,0.9985429820301117,0.9969894143925415,0.0015535676375701968
uwf,random,all,gb_full__val_robust_minimax,sklearn_boosting,full,0.9984531175630652,0.9969005185670858,0.0015525989959793707
uwf,heldout_family,privilege_escalation,cat_full,catboost,full,0.998468606431853,0.9969325153374233,0.001536091094429648
uwf,heldout_family,defense_evasion,cat_full,catboost,full,1.0,0.998468606431853,0.0015313935681470214
uwf,heldout_family,persistence,gb_full,sklearn_boosting,full,1.0,0.998468606431853,0.0015313935681470214
uwf,heldout_family,persistence,cat_full,catboost,full,1.0,0.998468606431853,0.0015313935681470214
uwf,heldout_family,privilege_escalation,gb_full__oracle_env_upper_bound,sklearn_boosting,full,1.0,0.998468606431853,0.0015313935681470214
uwf,heldout_family,privilege_escalation,xgb_full__oracle_env_upper_bound,xgboost,full,1.0,0.998468606431853,0.0015313935681470214
uwf,heldout_family,privilege_escalation,cat_full__oracle_env_upper_bound,catboost,full,1.0,0.998468606431853,0.0015313935681470214
uwf,random,all,cat_full__val_robust_minimax,catboost,full,0.9989883963106219,0.9975557410277811,0.0014326552828407557
uwf,source_ip,within_family_source_ip,xgb_full__val_observed_f1,xgboost,full,0.9757807837676546,0.9744036651561178,0.0013771186115368872
uwf,heldout_family,reconnaissance,iforest_env_sensitive__val_robust_minimax,sklearn_anomaly,env_sensitive,0.0027164685908319186,0.0013726835964310226,0.001343784994400896
uwf,time,within_family_chronological,cat_full__oracle_env_upper_bound,catboost,full,0.9988694513864096,0.9976484595922013,0.0012209917942083148
uwf,heldout_family,reconnaissance,xgb_full__val_observed_f1,xgboost,full,0.13585389298301825,0.1346585444052581,0.001195348577760158
uwf,heldout_family,reconnaissance,xgb_full__oracle_env_upper_bound,xgboost,full,0.13585389298301825,0.1346585444052581,0.001195348577760158
uwf,time,within_family_chronological,xgb_full__oracle_env_upper_bound,xgboost,full,0.9988694513864096,0.9979165426513483,0.0009529087350612642
uwf,random,all,cat_full__oracle_env_upper_bound,catboost,full,0.9990179448263548,0.9981255020976524,0.0008924427287023695
uwf,random,all,gb_full__oracle_env_upper_bound,sklearn_boosting,full,0.9986021473396187,0.9977374218517416,0.0008647254878770827
uwf,random,all,xgb_full__oracle_env_upper_bound,xgboost,full,0.9989880350020834,0.998124832574337,0.0008632024277464012
uwf,source_ip,within_family_source_ip,gb_full__val_observed_f1,sklearn_boosting,full,0.9754581395927095,0.9746167628907028,0.0008413767020067908
uwf,source_ip,within_family_source_ip,gb_full__val_robust_minimax,sklearn_boosting,full,0.9754581395927095,0.9746167628907028,0.0008413767020067908
uwf,source_ip,within_family_source_ip,cat_full,catboost,full,0.9796120593554141,0.9789533701876596,0.0006586891677544671
uwf,heldout_family,credential_access,xgb_full__oracle_env_upper_bound,xgboost,full,0.9999425241111354,0.9993215817493992,0.0006209423617361542
uwf,source_ip,within_family_source_ip,lgbm_full__val_observed_f1,lightgbm,full,0.9948770491803278,0.9943373199902368,0.0005397291900910428
uwf,source_ip,within_family_source_ip,lgbm_full__oracle_env_upper_bound,lightgbm,full,0.9948770491803278,0.9943373199902368,0.0005397291900910428
uwf,source_ip,within_family_source_ip,gb_full,sklearn_boosting,full,0.9759928425866097,0.9754581395927095,0.0005347029939001269
uwf,time,within_family_chronological,gb_full__oracle_env_upper_bound,sklearn_boosting,full,0.9988694513864096,0.9983937176512583,0.0004757337351513069
uwf,source_ip,within_family_source_ip,xgb_full__oracle_env_upper_bound,xgboost,full,0.9964466510903427,0.9959845221581368,0.00046212893220587414
uwf,heldout_family,credential_access,rf_full__oracle_env_upper_bound,sklearn_tree,full,0.999482954741305,0.9992762863149188,0.00020666842638616956
uwf,heldout_family,credential_access,cat_full__val_robust_minimax,catboost,full,0.9995174077904171,0.999333685637479,0.0001837221529380484
uwf,heldout_family,credential_access,cat_full__oracle_env_upper_bound,catboost,full,0.9997011975084469,0.9996322599921855,6.893751626135813e-05
uwf,heldout_family,defense_evasion,gb_full,sklearn_boosting,full,1.0,1.0,0.0
uwf,heldout_family,defense_evasion,gb_full__val_observed_f1,sklearn_boosting,full,1.0,1.0,0.0
uwf,heldout_family,defense_evasion,gb_full__oracle_env_upper_bound,sklearn_boosting,full,1.0,1.0,0.0
uwf,heldout_family,defense_evasion,xgb_full__oracle_env_upper_bound,xgboost,full,1.0,1.0,0.0
uwf,heldout_family,defense_evasion,cat_full__oracle_env_upper_bound,catboost,full,1.0,1.0,0.0
uwf,heldout_family,exfiltration,lr_full__oracle_env_upper_bound,sklearn_linear,full,1.0,1.0,0.0
uwf,heldout_family,exfiltration,rf_full,sklearn_tree,full,1.0,1.0,0.0
uwf,heldout_family,exfiltration,rf_full__val_robust_minimax,sklearn_tree,full,1.0,1.0,0.0
uwf,heldout_family,exfiltration,rf_full__oracle_env_upper_bound,sklearn_tree,full,1.0,1.0,0.0
uwf,heldout_family,exfiltration,gb_full,sklearn_boosting,full,1.0,1.0,0.0
uwf,heldout_family,exfiltration,gb_full__val_observed_f1,sklearn_boosting,full,1.0,1.0,0.0
uwf,heldout_family,exfiltration,gb_full__val_robust_minimax,sklearn_boosting,full,1.0,1.0,0.0
uwf,heldout_family,exfiltration,gb_full__oracle_env_upper_bound,sklearn_boosting,full,1.0,1.0,0.0
uwf,heldout_family,exfiltration,xgb_full,xgboost,full,1.0,1.0,0.0
uwf,heldout_family,exfiltration,xgb_full__val_robust_minimax,xgboost,full,1.0,1.0,0.0
uwf,heldout_family,exfiltration,xgb_full__oracle_env_upper_bound,xgboost,full,1.0,1.0,0.0
uwf,heldout_family,exfiltration,lgbm_full__val_robust_minimax,lightgbm,full,1.0,1.0,0.0
uwf,heldout_family,exfiltration,lgbm_full__oracle_env_upper_bound,lightgbm,full,1.0,1.0,0.0
uwf,heldout_family,exfiltration,cat_full,catboost,full,1.0,1.0,0.0
uwf,heldout_family,exfiltration,cat_full__oracle_env_upper_bound,catboost,full,1.0,1.0,0.0
uwf,heldout_family,initial_access,gb_full,sklearn_boosting,full,1.0,1.0,0.0
uwf,heldout_family,initial_access,gb_full__val_robust_minimax,sklearn_boosting,full,1.0,1.0,0.0
uwf,heldout_family,initial_access,gb_full__oracle_env_upper_bound,sklearn_boosting,full,1.0,1.0,0.0
uwf,heldout_family,initial_access,xgb_full__oracle_env_upper_bound,xgboost,full,1.0,1.0,0.0
uwf,heldout_family,initial_access,cat_full__oracle_env_upper_bound,catboost,full,1.0,1.0,0.0
uwf,heldout_family,persistence,gb_full__oracle_env_upper_bound,sklearn_boosting,full,1.0,1.0,0.0
uwf,heldout_family,persistence,xgb_full__oracle_env_upper_bound,xgboost,full,1.0,1.0,0.0
uwf,heldout_family,persistence,cat_full__oracle_env_upper_bound,catboost,full,1.0,1.0,0.0
uwf,source_ip,within_family_source_ip,gb_full__oracle_env_upper_bound,sklearn_boosting,full,0.9965690926344989,0.9965690926344989,0.0
uwf,source_ip,within_family_source_ip,cat_full__val_robust_minimax,catboost,full,0.9809314174065739,0.9809314174065739,0.0
uwf,heldout_family,persistence,pyod_ecod_env_sensitive,pyod_ecod,env_sensitive,0.3443396226415094,0.3443396226415094,0.0
uwf,heldout_family,reconnaissance,pyod_ecod_env_sensitive,pyod_ecod,env_sensitive,0.3442622950819672,0.3442622950819672,0.0
uwf,heldout_family,privilege_escalation,pyod_ecod_env_sensitive,pyod_ecod,env_sensitive,0.34192037470725994,0.34192037470725994,0.0
uwf,heldout_family,defense_evasion,pyod_ecod_env_sensitive,pyod_ecod,env_sensitive,0.33031674208144796,0.33031674208144796,0.0


